exp_id	study	model	d_q	d_seq	d_model	num_head	d_ff	implementation	n_learners	codebook_size	sve_bits	executable	gem5_timestamp	stats_file	row_index	row_kind	dump_index	checkpoint	interval	sim_seconds	instructions	ops	cpu_cycles	memory_references	load_instructions	store_instructions	dcache_demand_accesses	dcache_demand_misses	icache_demand_accesses	icache_demand_misses	l2_demand_accesses	l2_demand_misses	committed_branches	branch_mispredictions	ipc	cpi	dcache_demand_miss_rate	icache_demand_miss_rate	l2_demand_miss_rate	branch_misprediction_rate	btb_hit_ratio	runner_id	repo_commit	commit_subject	binary_sha256	compile_flags	overrides	cores	l1i	l1d	l2
E01	cb4-baseline-optimization	BERT-mini	64	512	256	4	1024	Codebook SIMD int8	2	4	128	transformer_BERT_mini_int8_noTiling_2D_CB_4_SVE_128.o	run_20261005_211924	/home/hlin/i2ce/exp-cb4-cache-study/38/out_20261005_211924/stats.txt	1	interval_delta	1	after_qkv_h	MHA_QKV	0.452503	809758579	885755020	1810009725	57444858	54234917	3209941	57642678	13639071	139665218	35855	13415974	2372033	44125209	30267								38	eb4a8e4fa591	test(profiling): split-MHA markers on the pre-int8 baseline	bb6a2ce2eae79f9c8ee58278f439e716aebd0b3a48fccfd1fd81f40e8216c7b3	USE_FP32_TRANSFORMER_FLAG=0 FULL_INTERLEAVED_PIPELINE_FLAG=1 SIMD_FLAG=1 RELOAD_WEIGHT_FLAG=1 USE_NOTEBOOK_GENERATED_WEIGHTS_FLAG=1 USE_CODEBOOK_GEMM_FLAG=1 ENABLE_CODEBOOK_REFERENCE_FLAG=0 ENABLE_DEBUG_PRINT_FLAG=0 PROFILE_GEMM_ONLY_FLAG=1 GEM5_PROFILE_REGIONS_FLAG=1 DENSE_NO_SIMD_BASELINE_FLAG=0 I2CE_USE_LIBM5_FLAG=1	-	1	48KiB	32KiB	1MiB
E01	cb4-baseline-optimization	BERT-mini	64	512	256	4	1024	Codebook SIMD int8	2	4	128	transformer_BERT_mini_int8_noTiling_2D_CB_4_SVE_128.o	run_20261005_211924	/home/hlin/i2ce/exp-cb4-cache-study/38/out_20261005_211924/stats.txt	2	interval_delta	2	after_qk_h	MHA_QK	0.141876	227605624	328869941	567500828	72090482	68266990	3823492	72083382	9177552	81986580	20415	8928855	446164	20268903	1071089								38	eb4a8e4fa591	test(profiling): split-MHA markers on the pre-int8 baseline	bb6a2ce2eae79f9c8ee58278f439e716aebd0b3a48fccfd1fd81f40e8216c7b3	USE_FP32_TRANSFORMER_FLAG=0 FULL_INTERLEAVED_PIPELINE_FLAG=1 SIMD_FLAG=1 RELOAD_WEIGHT_FLAG=1 USE_NOTEBOOK_GENERATED_WEIGHTS_FLAG=1 USE_CODEBOOK_GEMM_FLAG=1 ENABLE_CODEBOOK_REFERENCE_FLAG=0 ENABLE_DEBUG_PRINT_FLAG=0 PROFILE_GEMM_ONLY_FLAG=1 GEM5_PROFILE_REGIONS_FLAG=1 DENSE_NO_SIMD_BASELINE_FLAG=0 I2CE_USE_LIBM5_FLAG=1	-	1	48KiB	32KiB	1MiB
E01	cb4-baseline-optimization	BERT-mini	64	512	256	4	1024	Codebook SIMD int8	2	4	128	transformer_BERT_mini_int8_noTiling_2D_CB_4_SVE_128.o	run_20261005_211924	/home/hlin/i2ce/exp-cb4-cache-study/38/out_20261005_211924/stats.txt	3	interval_delta	3	after_softmax_h	MHA_softmax	0.010205	23128563	23135242	40824370	10496634	6297085	4199549	10501043	33629	6341137	1350	34933	1383	2104672	5090								38	eb4a8e4fa591	test(profiling): split-MHA markers on the pre-int8 baseline	bb6a2ce2eae79f9c8ee58278f439e716aebd0b3a48fccfd1fd81f40e8216c7b3	USE_FP32_TRANSFORMER_FLAG=0 FULL_INTERLEAVED_PIPELINE_FLAG=1 SIMD_FLAG=1 RELOAD_WEIGHT_FLAG=1 USE_NOTEBOOK_GENERATED_WEIGHTS_FLAG=1 USE_CODEBOOK_GEMM_FLAG=1 ENABLE_CODEBOOK_REFERENCE_FLAG=0 ENABLE_DEBUG_PRINT_FLAG=0 PROFILE_GEMM_ONLY_FLAG=1 GEM5_PROFILE_REGIONS_FLAG=1 DENSE_NO_SIMD_BASELINE_FLAG=0 I2CE_USE_LIBM5_FLAG=1	-	1	48KiB	32KiB	1MiB
E01	cb4-baseline-optimization	BERT-mini	64	512	256	4	1024	Codebook SIMD int8	2	4	128	transformer_BERT_mini_int8_noTiling_2D_CB_4_SVE_128.o	run_20261005_211924	/home/hlin/i2ce/exp-cb4-cache-study/38/out_20261005_211924/stats.txt	4	interval_delta	4	after_sv_h	MHA_SV	0.141435	212951232	314015260	565741540	71678408	68639377	3039031	71676688	15735255	73061060	16334	9069935	464836	18532078	152848								38	eb4a8e4fa591	test(profiling): split-MHA markers on the pre-int8 baseline	bb6a2ce2eae79f9c8ee58278f439e716aebd0b3a48fccfd1fd81f40e8216c7b3	USE_FP32_TRANSFORMER_FLAG=0 FULL_INTERLEAVED_PIPELINE_FLAG=1 SIMD_FLAG=1 RELOAD_WEIGHT_FLAG=1 USE_NOTEBOOK_GENERATED_WEIGHTS_FLAG=1 USE_CODEBOOK_GEMM_FLAG=1 ENABLE_CODEBOOK_REFERENCE_FLAG=0 ENABLE_DEBUG_PRINT_FLAG=0 PROFILE_GEMM_ONLY_FLAG=1 GEM5_PROFILE_REGIONS_FLAG=1 DENSE_NO_SIMD_BASELINE_FLAG=0 I2CE_USE_LIBM5_FLAG=1	-	1	48KiB	32KiB	1MiB
E01	cb4-baseline-optimization	BERT-mini	64	512	256	4	1024	Codebook SIMD int8	2	4	128	transformer_BERT_mini_int8_noTiling_2D_CB_4_SVE_128.o	run_20261005_211924	/home/hlin/i2ce/exp-cb4-cache-study/38/out_20261005_211924/stats.txt	5	interval_delta	5	after_mha	MHA_out	0.000002	867	1057	7635	365	170	195	372	31	467	21	47	28	193	37								38	eb4a8e4fa591	test(profiling): split-MHA markers on the pre-int8 baseline	bb6a2ce2eae79f9c8ee58278f439e716aebd0b3a48fccfd1fd81f40e8216c7b3	USE_FP32_TRANSFORMER_FLAG=0 FULL_INTERLEAVED_PIPELINE_FLAG=1 SIMD_FLAG=1 RELOAD_WEIGHT_FLAG=1 USE_NOTEBOOK_GENERATED_WEIGHTS_FLAG=1 USE_CODEBOOK_GEMM_FLAG=1 ENABLE_CODEBOOK_REFERENCE_FLAG=0 ENABLE_DEBUG_PRINT_FLAG=0 PROFILE_GEMM_ONLY_FLAG=1 GEM5_PROFILE_REGIONS_FLAG=1 DENSE_NO_SIMD_BASELINE_FLAG=0 I2CE_USE_LIBM5_FLAG=1	-	1	48KiB	32KiB	1MiB
E01	cb4-baseline-optimization	BERT-mini	64	512	256	4	1024	Codebook SIMD int8	2	4	128	transformer_BERT_mini_int8_noTiling_2D_CB_4_SVE_128.o	run_20261005_211924	/home/hlin/i2ce/exp-cb4-cache-study/38/out_20261005_211924/stats.txt	6	interval_delta	6	after_projection	Projection	0.237059	267450437	292691142	948237226	18238893	17626450	612443	18371795	4437470	45540939	7474	4406883	2406149	14359249	6006								38	eb4a8e4fa591	test(profiling): split-MHA markers on the pre-int8 baseline	bb6a2ce2eae79f9c8ee58278f439e716aebd0b3a48fccfd1fd81f40e8216c7b3	USE_FP32_TRANSFORMER_FLAG=0 FULL_INTERLEAVED_PIPELINE_FLAG=1 SIMD_FLAG=1 RELOAD_WEIGHT_FLAG=1 USE_NOTEBOOK_GENERATED_WEIGHTS_FLAG=1 USE_CODEBOOK_GEMM_FLAG=1 ENABLE_CODEBOOK_REFERENCE_FLAG=0 ENABLE_DEBUG_PRINT_FLAG=0 PROFILE_GEMM_ONLY_FLAG=1 GEM5_PROFILE_REGIONS_FLAG=1 DENSE_NO_SIMD_BASELINE_FLAG=0 I2CE_USE_LIBM5_FLAG=1	-	1	48KiB	32KiB	1MiB
E01	cb4-baseline-optimization	BERT-mini	64	512	256	4	1024	Codebook SIMD int8	2	4	128	transformer_BERT_mini_int8_noTiling_2D_CB_4_SVE_128.o	run_20261005_211924	/home/hlin/i2ce/exp-cb4-cache-study/38/out_20261005_211924/stats.txt	7	interval_delta	7	after_attn_addnorm	non_GEMM_after_projection	0.001906	5926442	5927898	7621320	1839029	1313350	525679	1839564	8392	1460024	442	8834	4682	398133	1831								38	eb4a8e4fa591	test(profiling): split-MHA markers on the pre-int8 baseline	bb6a2ce2eae79f9c8ee58278f439e716aebd0b3a48fccfd1fd81f40e8216c7b3	USE_FP32_TRANSFORMER_FLAG=0 FULL_INTERLEAVED_PIPELINE_FLAG=1 SIMD_FLAG=1 RELOAD_WEIGHT_FLAG=1 USE_NOTEBOOK_GENERATED_WEIGHTS_FLAG=1 USE_CODEBOOK_GEMM_FLAG=1 ENABLE_CODEBOOK_REFERENCE_FLAG=0 ENABLE_DEBUG_PRINT_FLAG=0 PROFILE_GEMM_ONLY_FLAG=1 GEM5_PROFILE_REGIONS_FLAG=1 DENSE_NO_SIMD_BASELINE_FLAG=0 I2CE_USE_LIBM5_FLAG=1	-	1	48KiB	32KiB	1MiB
E01	cb4-baseline-optimization	BERT-mini	64	512	256	4	1024	Codebook SIMD int8	2	4	128	transformer_BERT_mini_int8_noTiling_2D_CB_4_SVE_128.o	run_20261005_211924	/home/hlin/i2ce/exp-cb4-cache-study/38/out_20261005_211924/stats.txt	8	interval_delta	8	after_ff1	FF1	0.922651	1072311645	1174009042	3690605168	73848306	70923323	2924983	73842843	17596349	183039613	41649	17571581	9482785	57894035	40244								38	eb4a8e4fa591	test(profiling): split-MHA markers on the pre-int8 baseline	bb6a2ce2eae79f9c8ee58278f439e716aebd0b3a48fccfd1fd81f40e8216c7b3	USE_FP32_TRANSFORMER_FLAG=0 FULL_INTERLEAVED_PIPELINE_FLAG=1 SIMD_FLAG=1 RELOAD_WEIGHT_FLAG=1 USE_NOTEBOOK_GENERATED_WEIGHTS_FLAG=1 USE_CODEBOOK_GEMM_FLAG=1 ENABLE_CODEBOOK_REFERENCE_FLAG=0 ENABLE_DEBUG_PRINT_FLAG=0 PROFILE_GEMM_ONLY_FLAG=1 GEM5_PROFILE_REGIONS_FLAG=1 DENSE_NO_SIMD_BASELINE_FLAG=0 I2CE_USE_LIBM5_FLAG=1	-	1	48KiB	32KiB	1MiB
E01	cb4-baseline-optimization	BERT-mini	64	512	256	4	1024	Codebook SIMD int8	2	4	128	transformer_BERT_mini_int8_noTiling_2D_CB_4_SVE_128.o	run_20261005_211924	/home/hlin/i2ce/exp-cb4-cache-study/38/out_20261005_211924/stats.txt	9	interval_delta	9	after_ff2	FF2	1.242818	1057946718	1159450681	4971272592	72482192	70494038	1988154	73008777	17273368	180671925	48916	17253085	15076271	56193414	173285								38	eb4a8e4fa591	test(profiling): split-MHA markers on the pre-int8 baseline	bb6a2ce2eae79f9c8ee58278f439e716aebd0b3a48fccfd1fd81f40e8216c7b3	USE_FP32_TRANSFORMER_FLAG=0 FULL_INTERLEAVED_PIPELINE_FLAG=1 SIMD_FLAG=1 RELOAD_WEIGHT_FLAG=1 USE_NOTEBOOK_GENERATED_WEIGHTS_FLAG=1 USE_CODEBOOK_GEMM_FLAG=1 ENABLE_CODEBOOK_REFERENCE_FLAG=0 ENABLE_DEBUG_PRINT_FLAG=0 PROFILE_GEMM_ONLY_FLAG=1 GEM5_PROFILE_REGIONS_FLAG=1 DENSE_NO_SIMD_BASELINE_FLAG=0 I2CE_USE_LIBM5_FLAG=1	-	1	48KiB	32KiB	1MiB
E01	cb4-baseline-optimization	BERT-mini	64	512	256	4	1024	Codebook SIMD int8	2	4	128	transformer_BERT_mini_int8_noTiling_2D_CB_4_SVE_128.o	run_20261005_211924	/home/hlin/i2ce/exp-cb4-cache-study/38/out_20261005_211924/stats.txt	10	interval_delta	10	final_total	non_GEMM_after_ff2	0.003045	8973853	8976600	12180191	2709376	1871454	837922	2710012	41431	2587851	894	34302	10626	687861	3112								38	eb4a8e4fa591	test(profiling): split-MHA markers on the pre-int8 baseline	bb6a2ce2eae79f9c8ee58278f439e716aebd0b3a48fccfd1fd81f40e8216c7b3	USE_FP32_TRANSFORMER_FLAG=0 FULL_INTERLEAVED_PIPELINE_FLAG=1 SIMD_FLAG=1 RELOAD_WEIGHT_FLAG=1 USE_NOTEBOOK_GENERATED_WEIGHTS_FLAG=1 USE_CODEBOOK_GEMM_FLAG=1 ENABLE_CODEBOOK_REFERENCE_FLAG=0 ENABLE_DEBUG_PRINT_FLAG=0 PROFILE_GEMM_ONLY_FLAG=1 GEM5_PROFILE_REGIONS_FLAG=1 DENSE_NO_SIMD_BASELINE_FLAG=0 I2CE_USE_LIBM5_FLAG=1	-	1	48KiB	32KiB	1MiB
E01	cb4-baseline-optimization	BERT-mini	64	512	256	4	1024	Codebook SIMD int8	2	4	128	transformer_BERT_mini_int8_noTiling_2D_CB_4_SVE_128.o	run_20261005_211924	/home/hlin/i2ce/exp-cb4-cache-study/38/out_20261005_211924/stats.txt	11	final_total	10	final_total	total_program	3.153500	3686053960	4192831883	12614000595	380828543	359667154	21161389	381677154	77942548	714354814	173350	70724429	30264957	214563747	1483809	0.292219	3.422088	0.204210671724	0.000242666525	0.427927908757	0.006915469275	0.834298	38	eb4a8e4fa591	test(profiling): split-MHA markers on the pre-int8 baseline	bb6a2ce2eae79f9c8ee58278f439e716aebd0b3a48fccfd1fd81f40e8216c7b3	USE_FP32_TRANSFORMER_FLAG=0 FULL_INTERLEAVED_PIPELINE_FLAG=1 SIMD_FLAG=1 RELOAD_WEIGHT_FLAG=1 USE_NOTEBOOK_GENERATED_WEIGHTS_FLAG=1 USE_CODEBOOK_GEMM_FLAG=1 ENABLE_CODEBOOK_REFERENCE_FLAG=0 ENABLE_DEBUG_PRINT_FLAG=0 PROFILE_GEMM_ONLY_FLAG=1 GEM5_PROFILE_REGIONS_FLAG=1 DENSE_NO_SIMD_BASELINE_FLAG=0 I2CE_USE_LIBM5_FLAG=1	-	1	48KiB	32KiB	1MiB
E02	cb4-baseline-optimization	BERT-mini	64	512	256	4	1024	Codebook SIMD int8	2	4	128	transformer_BERT_mini_int8_noTiling_2D_CB_4_SVE_128.o	run_20261005_211926	/home/hlin/i2ce/exp-cb4-cache-study/38/out_20261005_211926/stats.txt	1	interval_delta	1	after_qkv_h	MHA_QKV	0.529363	904252393	904781490	2117454088	30752120	28305513	2446607	30950132	3810696	138825468	38737	3934033	3192062	43361006	32045								38	f126e2b61266	test(profiling): split-MHA markers on the int8-in-place kernels	524b3e75899ee8b13f2d272d92dedad1a966f84f3d9989e92e70d7090e9760df	USE_FP32_TRANSFORMER_FLAG=0 FULL_INTERLEAVED_PIPELINE_FLAG=1 SIMD_FLAG=1 RELOAD_WEIGHT_FLAG=1 USE_NOTEBOOK_GENERATED_WEIGHTS_FLAG=1 USE_CODEBOOK_GEMM_FLAG=1 ENABLE_CODEBOOK_REFERENCE_FLAG=0 ENABLE_DEBUG_PRINT_FLAG=0 PROFILE_GEMM_ONLY_FLAG=1 GEM5_PROFILE_REGIONS_FLAG=1 DENSE_NO_SIMD_BASELINE_FLAG=0 I2CE_USE_LIBM5_FLAG=1	-	1	48KiB	32KiB	1MiB
E02	cb4-baseline-optimization	BERT-mini	64	512	256	4	1024	Codebook SIMD int8	2	4	128	transformer_BERT_mini_int8_noTiling_2D_CB_4_SVE_128.o	run_20261005_211926	/home/hlin/i2ce/exp-cb4-cache-study/38/out_20261005_211926/stats.txt	2	interval_delta	2	after_qk_h	MHA_QK	0.261653	395449546	396261315	1046612922	38387657	34759757	3627900	38379158	2710000	81550007	30519	2541793	2453300	20314858	1079517								38	f126e2b61266	test(profiling): split-MHA markers on the int8-in-place kernels	524b3e75899ee8b13f2d272d92dedad1a966f84f3d9989e92e70d7090e9760df	USE_FP32_TRANSFORMER_FLAG=0 FULL_INTERLEAVED_PIPELINE_FLAG=1 SIMD_FLAG=1 RELOAD_WEIGHT_FLAG=1 USE_NOTEBOOK_GENERATED_WEIGHTS_FLAG=1 USE_CODEBOOK_GEMM_FLAG=1 ENABLE_CODEBOOK_REFERENCE_FLAG=0 ENABLE_DEBUG_PRINT_FLAG=0 PROFILE_GEMM_ONLY_FLAG=1 GEM5_PROFILE_REGIONS_FLAG=1 DENSE_NO_SIMD_BASELINE_FLAG=0 I2CE_USE_LIBM5_FLAG=1	-	1	48KiB	32KiB	1MiB
E02	cb4-baseline-optimization	BERT-mini	64	512	256	4	1024	Codebook SIMD int8	2	4	128	transformer_BERT_mini_int8_noTiling_2D_CB_4_SVE_128.o	run_20261005_211926	/home/hlin/i2ce/exp-cb4-cache-study/38/out_20261005_211926/stats.txt	3	interval_delta	3	after_softmax_h	MHA_softmax	0.010644	23114537	23118155	42571068	10491372	6294284	4197088	10495595	33322	8435589	518	33775	9190	2101776	4507								38	f126e2b61266	test(profiling): split-MHA markers on the int8-in-place kernels	524b3e75899ee8b13f2d272d92dedad1a966f84f3d9989e92e70d7090e9760df	USE_FP32_TRANSFORMER_FLAG=0 FULL_INTERLEAVED_PIPELINE_FLAG=1 SIMD_FLAG=1 RELOAD_WEIGHT_FLAG=1 USE_NOTEBOOK_GENERATED_WEIGHTS_FLAG=1 USE_CODEBOOK_GEMM_FLAG=1 ENABLE_CODEBOOK_REFERENCE_FLAG=0 ENABLE_DEBUG_PRINT_FLAG=0 PROFILE_GEMM_ONLY_FLAG=1 GEM5_PROFILE_REGIONS_FLAG=1 DENSE_NO_SIMD_BASELINE_FLAG=0 I2CE_USE_LIBM5_FLAG=1	-	1	48KiB	32KiB	1MiB
E02	cb4-baseline-optimization	BERT-mini	64	512	256	4	1024	Codebook SIMD int8	2	4	128	transformer_BERT_mini_int8_noTiling_2D_CB_4_SVE_128.o	run_20261005_211926	/home/hlin/i2ce/exp-cb4-cache-study/38/out_20261005_211926/stats.txt	4	interval_delta	4	after_sv_h	MHA_SV	0.124560	374465244	374545562	498240155	35188539	34225594	962945	35191444	2505648	69736135	7031	2352533	38626	17474210	142833								38	f126e2b61266	test(profiling): split-MHA markers on the int8-in-place kernels	524b3e75899ee8b13f2d272d92dedad1a966f84f3d9989e92e70d7090e9760df	USE_FP32_TRANSFORMER_FLAG=0 FULL_INTERLEAVED_PIPELINE_FLAG=1 SIMD_FLAG=1 RELOAD_WEIGHT_FLAG=1 USE_NOTEBOOK_GENERATED_WEIGHTS_FLAG=1 USE_CODEBOOK_GEMM_FLAG=1 ENABLE_CODEBOOK_REFERENCE_FLAG=0 ENABLE_DEBUG_PRINT_FLAG=0 PROFILE_GEMM_ONLY_FLAG=1 GEM5_PROFILE_REGIONS_FLAG=1 DENSE_NO_SIMD_BASELINE_FLAG=0 I2CE_USE_LIBM5_FLAG=1	-	1	48KiB	32KiB	1MiB
E02	cb4-baseline-optimization	BERT-mini	64	512	256	4	1024	Codebook SIMD int8	2	4	128	transformer_BERT_mini_int8_noTiling_2D_CB_4_SVE_128.o	run_20261005_211926	/home/hlin/i2ce/exp-cb4-cache-study/38/out_20261005_211926/stats.txt	5	interval_delta	5	after_mha	MHA_out	0.000001	868	1058	7492	365	170	195	371	33	453	16	43	26	194	31								38	f126e2b61266	test(profiling): split-MHA markers on the int8-in-place kernels	524b3e75899ee8b13f2d272d92dedad1a966f84f3d9989e92e70d7090e9760df	USE_FP32_TRANSFORMER_FLAG=0 FULL_INTERLEAVED_PIPELINE_FLAG=1 SIMD_FLAG=1 RELOAD_WEIGHT_FLAG=1 USE_NOTEBOOK_GENERATED_WEIGHTS_FLAG=1 USE_CODEBOOK_GEMM_FLAG=1 ENABLE_CODEBOOK_REFERENCE_FLAG=0 ENABLE_DEBUG_PRINT_FLAG=0 PROFILE_GEMM_ONLY_FLAG=1 GEM5_PROFILE_REGIONS_FLAG=1 DENSE_NO_SIMD_BASELINE_FLAG=0 I2CE_USE_LIBM5_FLAG=1	-	1	48KiB	32KiB	1MiB
E02	cb4-baseline-optimization	BERT-mini	64	512	256	4	1024	Codebook SIMD int8	2	4	128	transformer_BERT_mini_int8_noTiling_2D_CB_4_SVE_128.o	run_20261005_211926	/home/hlin/i2ce/exp-cb4-cache-study/38/out_20261005_211926/stats.txt	6	interval_delta	6	after_projection	Projection	0.176394	300013270	300070621	705574843	9690324	9156233	534091	9822542	1255455	45853478	5020	1234798	1107769	14279606	3908								38	f126e2b61266	test(profiling): split-MHA markers on the int8-in-place kernels	524b3e75899ee8b13f2d272d92dedad1a966f84f3d9989e92e70d7090e9760df	USE_FP32_TRANSFORMER_FLAG=0 FULL_INTERLEAVED_PIPELINE_FLAG=1 SIMD_FLAG=1 RELOAD_WEIGHT_FLAG=1 USE_NOTEBOOK_GENERATED_WEIGHTS_FLAG=1 USE_CODEBOOK_GEMM_FLAG=1 ENABLE_CODEBOOK_REFERENCE_FLAG=0 ENABLE_DEBUG_PRINT_FLAG=0 PROFILE_GEMM_ONLY_FLAG=1 GEM5_PROFILE_REGIONS_FLAG=1 DENSE_NO_SIMD_BASELINE_FLAG=0 I2CE_USE_LIBM5_FLAG=1	-	1	48KiB	32KiB	1MiB
E02	cb4-baseline-optimization	BERT-mini	64	512	256	4	1024	Codebook SIMD int8	2	4	128	transformer_BERT_mini_int8_noTiling_2D_CB_4_SVE_128.o	run_20261005_211926	/home/hlin/i2ce/exp-cb4-cache-study/38/out_20261005_211926/stats.txt	7	interval_delta	7	after_attn_addnorm	non_GEMM_after_projection	0.001902	5926442	5927898	7607387	1839029	1313350	525679	1839553	8387	1460001	405	8765	4639	398134	1809								38	f126e2b61266	test(profiling): split-MHA markers on the int8-in-place kernels	524b3e75899ee8b13f2d272d92dedad1a966f84f3d9989e92e70d7090e9760df	USE_FP32_TRANSFORMER_FLAG=0 FULL_INTERLEAVED_PIPELINE_FLAG=1 SIMD_FLAG=1 RELOAD_WEIGHT_FLAG=1 USE_NOTEBOOK_GENERATED_WEIGHTS_FLAG=1 USE_CODEBOOK_GEMM_FLAG=1 ENABLE_CODEBOOK_REFERENCE_FLAG=0 ENABLE_DEBUG_PRINT_FLAG=0 PROFILE_GEMM_ONLY_FLAG=1 GEM5_PROFILE_REGIONS_FLAG=1 DENSE_NO_SIMD_BASELINE_FLAG=0 I2CE_USE_LIBM5_FLAG=1	-	1	48KiB	32KiB	1MiB
E02	cb4-baseline-optimization	BERT-mini	64	512	256	4	1024	Codebook SIMD int8	2	4	128	transformer_BERT_mini_int8_noTiling_2D_CB_4_SVE_128.o	run_20261005_211926	/home/hlin/i2ce/exp-cb4-cache-study/38/out_20261005_211926/stats.txt	8	interval_delta	8	after_ff1	FF1	0.713604	1203780213	1204758672	2854415949	40064146	37246592	2817554	40056697	4968140	184908460	34519	4914003	4813745	57779170	34413								38	f126e2b61266	test(profiling): split-MHA markers on the int8-in-place kernels	524b3e75899ee8b13f2d272d92dedad1a966f84f3d9989e92e70d7090e9760df	USE_FP32_TRANSFORMER_FLAG=0 FULL_INTERLEAVED_PIPELINE_FLAG=1 SIMD_FLAG=1 RELOAD_WEIGHT_FLAG=1 USE_NOTEBOOK_GENERATED_WEIGHTS_FLAG=1 USE_CODEBOOK_GEMM_FLAG=1 ENABLE_CODEBOOK_REFERENCE_FLAG=0 ENABLE_DEBUG_PRINT_FLAG=0 PROFILE_GEMM_ONLY_FLAG=1 GEM5_PROFILE_REGIONS_FLAG=1 DENSE_NO_SIMD_BASELINE_FLAG=0 I2CE_USE_LIBM5_FLAG=1	-	1	48KiB	32KiB	1MiB
E02	cb4-baseline-optimization	BERT-mini	64	512	256	4	1024	Codebook SIMD int8	2	4	128	transformer_BERT_mini_int8_noTiling_2D_CB_4_SVE_128.o	run_20261005_211926	/home/hlin/i2ce/exp-cb4-cache-study/38/out_20261005_211926/stats.txt	9	interval_delta	9	after_ff2	FF2	0.701766	1188282934	1189044299	2807065348	38297056	36611482	1685574	38818303	4530716	182210995	34419	4469263	4291724	55894124	162200								38	f126e2b61266	test(profiling): split-MHA markers on the int8-in-place kernels	524b3e75899ee8b13f2d272d92dedad1a966f84f3d9989e92e70d7090e9760df	USE_FP32_TRANSFORMER_FLAG=0 FULL_INTERLEAVED_PIPELINE_FLAG=1 SIMD_FLAG=1 RELOAD_WEIGHT_FLAG=1 USE_NOTEBOOK_GENERATED_WEIGHTS_FLAG=1 USE_CODEBOOK_GEMM_FLAG=1 ENABLE_CODEBOOK_REFERENCE_FLAG=0 ENABLE_DEBUG_PRINT_FLAG=0 PROFILE_GEMM_ONLY_FLAG=1 GEM5_PROFILE_REGIONS_FLAG=1 DENSE_NO_SIMD_BASELINE_FLAG=0 I2CE_USE_LIBM5_FLAG=1	-	1	48KiB	32KiB	1MiB
E02	cb4-baseline-optimization	BERT-mini	64	512	256	4	1024	Codebook SIMD int8	2	4	128	transformer_BERT_mini_int8_noTiling_2D_CB_4_SVE_128.o	run_20261005_211926	/home/hlin/i2ce/exp-cb4-cache-study/38/out_20261005_211926/stats.txt	10	interval_delta	10	final_total	non_GEMM_after_ff2	0.003122	8988267	8992761	12488728	2713788	1873929	839859	2714496	41512	2339463	1687	35211	11760	690731	3740								38	f126e2b61266	test(profiling): split-MHA markers on the int8-in-place kernels	524b3e75899ee8b13f2d272d92dedad1a966f84f3d9989e92e70d7090e9760df	USE_FP32_TRANSFORMER_FLAG=0 FULL_INTERLEAVED_PIPELINE_FLAG=1 SIMD_FLAG=1 RELOAD_WEIGHT_FLAG=1 USE_NOTEBOOK_GENERATED_WEIGHTS_FLAG=1 USE_CODEBOOK_GEMM_FLAG=1 ENABLE_CODEBOOK_REFERENCE_FLAG=0 ENABLE_DEBUG_PRINT_FLAG=0 PROFILE_GEMM_ONLY_FLAG=1 GEM5_PROFILE_REGIONS_FLAG=1 DENSE_NO_SIMD_BASELINE_FLAG=0 I2CE_USE_LIBM5_FLAG=1	-	1	48KiB	32KiB	1MiB
E02	cb4-baseline-optimization	BERT-mini	64	512	256	4	1024	Codebook SIMD int8	2	4	128	transformer_BERT_mini_int8_noTiling_2D_CB_4_SVE_128.o	run_20261005_211926	/home/hlin/i2ce/exp-cb4-cache-study/38/out_20261005_211926/stats.txt	11	final_total	10	final_total	total_program	2.523009	4404273714	4407501831	10092037980	207424396	189786904	17637492	208268291	19863909	715320049	152871	19524217	15922841	212293809	1465003	0.436411	2.291419	0.095376540061	0.000213709933	0.815543127799	0.006900827711	0.833167	38	f126e2b61266	test(profiling): split-MHA markers on the int8-in-place kernels	524b3e75899ee8b13f2d272d92dedad1a966f84f3d9989e92e70d7090e9760df	USE_FP32_TRANSFORMER_FLAG=0 FULL_INTERLEAVED_PIPELINE_FLAG=1 SIMD_FLAG=1 RELOAD_WEIGHT_FLAG=1 USE_NOTEBOOK_GENERATED_WEIGHTS_FLAG=1 USE_CODEBOOK_GEMM_FLAG=1 ENABLE_CODEBOOK_REFERENCE_FLAG=0 ENABLE_DEBUG_PRINT_FLAG=0 PROFILE_GEMM_ONLY_FLAG=1 GEM5_PROFILE_REGIONS_FLAG=1 DENSE_NO_SIMD_BASELINE_FLAG=0 I2CE_USE_LIBM5_FLAG=1	-	1	48KiB	32KiB	1MiB
E03	cb4-baseline-optimization	BERT-mini	64	512	256	4	1024	Codebook SIMD int8	2	4	128	transformer_BERT_mini_int8_noTiling_2D_CB_4_SVE_128.o	run_20261005_211929	/home/hlin/i2ce/exp-cb4-cache-study/38/out_20261005_211929/stats.txt	1	interval_delta	1	after_qkv_h	MHA_QKV	0.236052	133749982	153120618	944208208	22040960	19995718	2045242	22433690	3810372	33147663	33106	3726589	3187308	8725677	421216								38	33d76aa29d8e	Merge pull request #17 from hsylin/perf/codebook-sdot	17ad65c1a1d86b9c075954dd6133330e5c48201214c645a24c6f814728be6fc5	USE_FP32_TRANSFORMER_FLAG=0 FULL_INTERLEAVED_PIPELINE_FLAG=1 SIMD_FLAG=1 RELOAD_WEIGHT_FLAG=1 USE_NOTEBOOK_GENERATED_WEIGHTS_FLAG=1 USE_CODEBOOK_GEMM_FLAG=1 ENABLE_CODEBOOK_REFERENCE_FLAG=0 ENABLE_DEBUG_PRINT_FLAG=0 PROFILE_GEMM_ONLY_FLAG=1 GEM5_PROFILE_REGIONS_FLAG=1 DENSE_NO_SIMD_BASELINE_FLAG=0 I2CE_USE_LIBM5_FLAG=1	-	1	48KiB	32KiB	1MiB
E03	cb4-baseline-optimization	BERT-mini	64	512	256	4	1024	Codebook SIMD int8	2	4	128	transformer_BERT_mini_int8_noTiling_2D_CB_4_SVE_128.o	run_20261005_211929	/home/hlin/i2ce/exp-cb4-cache-study/38/out_20261005_211929/stats.txt	2	interval_delta	2	after_qk_h	MHA_QK	0.163430	68139053	94080853	653719345	21551597	17951124	3600473	21542095	4803734	18572604	24727	2531378	2449853	7702858	29860								38	33d76aa29d8e	Merge pull request #17 from hsylin/perf/codebook-sdot	17ad65c1a1d86b9c075954dd6133330e5c48201214c645a24c6f814728be6fc5	USE_FP32_TRANSFORMER_FLAG=0 FULL_INTERLEAVED_PIPELINE_FLAG=1 SIMD_FLAG=1 RELOAD_WEIGHT_FLAG=1 USE_NOTEBOOK_GENERATED_WEIGHTS_FLAG=1 USE_CODEBOOK_GEMM_FLAG=1 ENABLE_CODEBOOK_REFERENCE_FLAG=0 ENABLE_DEBUG_PRINT_FLAG=0 PROFILE_GEMM_ONLY_FLAG=1 GEM5_PROFILE_REGIONS_FLAG=1 DENSE_NO_SIMD_BASELINE_FLAG=0 I2CE_USE_LIBM5_FLAG=1	-	1	48KiB	32KiB	1MiB
E03	cb4-baseline-optimization	BERT-mini	64	512	256	4	1024	Codebook SIMD int8	2	4	128	transformer_BERT_mini_int8_noTiling_2D_CB_4_SVE_128.o	run_20261005_211929	/home/hlin/i2ce/exp-cb4-cache-study/38/out_20261005_211929/stats.txt	3	interval_delta	3	after_softmax_h	MHA_softmax	0.010620	23114538	23118156	42476011	10491372	6294284	4197088	10495574	33324	6334112	538	33797	8684	2101790	4493								38	33d76aa29d8e	Merge pull request #17 from hsylin/perf/codebook-sdot	17ad65c1a1d86b9c075954dd6133330e5c48201214c645a24c6f814728be6fc5	USE_FP32_TRANSFORMER_FLAG=0 FULL_INTERLEAVED_PIPELINE_FLAG=1 SIMD_FLAG=1 RELOAD_WEIGHT_FLAG=1 USE_NOTEBOOK_GENERATED_WEIGHTS_FLAG=1 USE_CODEBOOK_GEMM_FLAG=1 ENABLE_CODEBOOK_REFERENCE_FLAG=0 ENABLE_DEBUG_PRINT_FLAG=0 PROFILE_GEMM_ONLY_FLAG=1 GEM5_PROFILE_REGIONS_FLAG=1 DENSE_NO_SIMD_BASELINE_FLAG=0 I2CE_USE_LIBM5_FLAG=1	-	1	48KiB	32KiB	1MiB
E03	cb4-baseline-optimization	BERT-mini	64	512	256	4	1024	Codebook SIMD int8	2	4	128	transformer_BERT_mini_int8_noTiling_2D_CB_4_SVE_128.o	run_20261005_211929	/home/hlin/i2ce/exp-cb4-cache-study/38/out_20261005_211929/stats.txt	4	interval_delta	4	after_sv_h	MHA_SV	0.031160	47206519	72426056	124642469	18370323	17426604	943719	18372495	3027397	15561394	4217	2346001	36408	4872674	140836								38	33d76aa29d8e	Merge pull request #17 from hsylin/perf/codebook-sdot	17ad65c1a1d86b9c075954dd6133330e5c48201214c645a24c6f814728be6fc5	USE_FP32_TRANSFORMER_FLAG=0 FULL_INTERLEAVED_PIPELINE_FLAG=1 SIMD_FLAG=1 RELOAD_WEIGHT_FLAG=1 USE_NOTEBOOK_GENERATED_WEIGHTS_FLAG=1 USE_CODEBOOK_GEMM_FLAG=1 ENABLE_CODEBOOK_REFERENCE_FLAG=0 ENABLE_DEBUG_PRINT_FLAG=0 PROFILE_GEMM_ONLY_FLAG=1 GEM5_PROFILE_REGIONS_FLAG=1 DENSE_NO_SIMD_BASELINE_FLAG=0 I2CE_USE_LIBM5_FLAG=1	-	1	48KiB	32KiB	1MiB
E03	cb4-baseline-optimization	BERT-mini	64	512	256	4	1024	Codebook SIMD int8	2	4	128	transformer_BERT_mini_int8_noTiling_2D_CB_4_SVE_128.o	run_20261005_211929	/home/hlin/i2ce/exp-cb4-cache-study/38/out_20261005_211929/stats.txt	5	interval_delta	5	after_mha	MHA_out	0.000001	868	1058	6510	365	170	195	369	33	489	17	44	22	194	32								38	33d76aa29d8e	Merge pull request #17 from hsylin/perf/codebook-sdot	17ad65c1a1d86b9c075954dd6133330e5c48201214c645a24c6f814728be6fc5	USE_FP32_TRANSFORMER_FLAG=0 FULL_INTERLEAVED_PIPELINE_FLAG=1 SIMD_FLAG=1 RELOAD_WEIGHT_FLAG=1 USE_NOTEBOOK_GENERATED_WEIGHTS_FLAG=1 USE_CODEBOOK_GEMM_FLAG=1 ENABLE_CODEBOOK_REFERENCE_FLAG=0 ENABLE_DEBUG_PRINT_FLAG=0 PROFILE_GEMM_ONLY_FLAG=1 GEM5_PROFILE_REGIONS_FLAG=1 DENSE_NO_SIMD_BASELINE_FLAG=0 I2CE_USE_LIBM5_FLAG=1	-	1	48KiB	32KiB	1MiB
E03	cb4-baseline-optimization	BERT-mini	64	512	256	4	1024	Codebook SIMD int8	2	4	128	transformer_BERT_mini_int8_noTiling_2D_CB_4_SVE_128.o	run_20261005_211929	/home/hlin/i2ce/exp-cb4-cache-study/38/out_20261005_211929/stats.txt	6	interval_delta	6	after_projection	Projection	0.079424	43174103	49511365	317696641	6785326	6385634	399692	6916993	1255731	10560348	2978	1231207	1099098	2733557	133292								38	33d76aa29d8e	Merge pull request #17 from hsylin/perf/codebook-sdot	17ad65c1a1d86b9c075954dd6133330e5c48201214c645a24c6f814728be6fc5	USE_FP32_TRANSFORMER_FLAG=0 FULL_INTERLEAVED_PIPELINE_FLAG=1 SIMD_FLAG=1 RELOAD_WEIGHT_FLAG=1 USE_NOTEBOOK_GENERATED_WEIGHTS_FLAG=1 USE_CODEBOOK_GEMM_FLAG=1 ENABLE_CODEBOOK_REFERENCE_FLAG=0 ENABLE_DEBUG_PRINT_FLAG=0 PROFILE_GEMM_ONLY_FLAG=1 GEM5_PROFILE_REGIONS_FLAG=1 DENSE_NO_SIMD_BASELINE_FLAG=0 I2CE_USE_LIBM5_FLAG=1	-	1	48KiB	32KiB	1MiB
E03	cb4-baseline-optimization	BERT-mini	64	512	256	4	1024	Codebook SIMD int8	2	4	128	transformer_BERT_mini_int8_noTiling_2D_CB_4_SVE_128.o	run_20261005_211929	/home/hlin/i2ce/exp-cb4-cache-study/38/out_20261005_211929/stats.txt	7	interval_delta	7	after_attn_addnorm	non_GEMM_after_projection	0.001902	5926443	5927899	7607692	1839029	1313350	525679	1839551	8364	1459972	405	8746	4632	398135	1800								38	33d76aa29d8e	Merge pull request #17 from hsylin/perf/codebook-sdot	17ad65c1a1d86b9c075954dd6133330e5c48201214c645a24c6f814728be6fc5	USE_FP32_TRANSFORMER_FLAG=0 FULL_INTERLEAVED_PIPELINE_FLAG=1 SIMD_FLAG=1 RELOAD_WEIGHT_FLAG=1 USE_NOTEBOOK_GENERATED_WEIGHTS_FLAG=1 USE_CODEBOOK_GEMM_FLAG=1 ENABLE_CODEBOOK_REFERENCE_FLAG=0 ENABLE_DEBUG_PRINT_FLAG=0 PROFILE_GEMM_ONLY_FLAG=1 GEM5_PROFILE_REGIONS_FLAG=1 DENSE_NO_SIMD_BASELINE_FLAG=0 I2CE_USE_LIBM5_FLAG=1	-	1	48KiB	32KiB	1MiB
E03	cb4-baseline-optimization	BERT-mini	64	512	256	4	1024	Codebook SIMD int8	2	4	128	transformer_BERT_mini_int8_noTiling_2D_CB_4_SVE_128.o	run_20261005_211929	/home/hlin/i2ce/exp-cb4-cache-study/38/out_20261005_211929/stats.txt	8	interval_delta	8	after_ff1	FF1	0.327620	176415556	202511844	1310477916	28440970	26162454	2278516	28955463	4968124	43735497	26431	4894842	4830210	11592420	553896								38	33d76aa29d8e	Merge pull request #17 from hsylin/perf/codebook-sdot	17ad65c1a1d86b9c075954dd6133330e5c48201214c645a24c6f814728be6fc5	USE_FP32_TRANSFORMER_FLAG=0 FULL_INTERLEAVED_PIPELINE_FLAG=1 SIMD_FLAG=1 RELOAD_WEIGHT_FLAG=1 USE_NOTEBOOK_GENERATED_WEIGHTS_FLAG=1 USE_CODEBOOK_GEMM_FLAG=1 ENABLE_CODEBOOK_REFERENCE_FLAG=0 ENABLE_DEBUG_PRINT_FLAG=0 PROFILE_GEMM_ONLY_FLAG=1 GEM5_PROFILE_REGIONS_FLAG=1 DENSE_NO_SIMD_BASELINE_FLAG=0 I2CE_USE_LIBM5_FLAG=1	-	1	48KiB	32KiB	1MiB
E03	cb4-baseline-optimization	BERT-mini	64	512	256	4	1024	Codebook SIMD int8	2	4	128	transformer_BERT_mini_int8_noTiling_2D_CB_4_SVE_128.o	run_20261005_211929	/home/hlin/i2ce/exp-cb4-cache-study/38/out_20261005_211929/stats.txt	9	interval_delta	9	after_ff2	FF2	0.314576	166707971	192540089	1258305900	27398346	25907525	1490821	27524109	4517498	37324782	26023	4447325	4282065	9686926	156611								38	33d76aa29d8e	Merge pull request #17 from hsylin/perf/codebook-sdot	17ad65c1a1d86b9c075954dd6133330e5c48201214c645a24c6f814728be6fc5	USE_FP32_TRANSFORMER_FLAG=0 FULL_INTERLEAVED_PIPELINE_FLAG=1 SIMD_FLAG=1 RELOAD_WEIGHT_FLAG=1 USE_NOTEBOOK_GENERATED_WEIGHTS_FLAG=1 USE_CODEBOOK_GEMM_FLAG=1 ENABLE_CODEBOOK_REFERENCE_FLAG=0 ENABLE_DEBUG_PRINT_FLAG=0 PROFILE_GEMM_ONLY_FLAG=1 GEM5_PROFILE_REGIONS_FLAG=1 DENSE_NO_SIMD_BASELINE_FLAG=0 I2CE_USE_LIBM5_FLAG=1	-	1	48KiB	32KiB	1MiB
E03	cb4-baseline-optimization	BERT-mini	64	512	256	4	1024	Codebook SIMD int8	2	4	128	transformer_BERT_mini_int8_noTiling_2D_CB_4_SVE_128.o	run_20261005_211929	/home/hlin/i2ce/exp-cb4-cache-study/38/out_20261005_211929/stats.txt	10	interval_delta	10	final_total	non_GEMM_after_ff2	0.003043	8973852	8976599	12170608	2709376	1871454	837922	2709994	41431	2587800	909	34272	10574	687861	3113								38	33d76aa29d8e	Merge pull request #17 from hsylin/perf/codebook-sdot	17ad65c1a1d86b9c075954dd6133330e5c48201214c645a24c6f814728be6fc5	USE_FP32_TRANSFORMER_FLAG=0 FULL_INTERLEAVED_PIPELINE_FLAG=1 SIMD_FLAG=1 RELOAD_WEIGHT_FLAG=1 USE_NOTEBOOK_GENERATED_WEIGHTS_FLAG=1 USE_CODEBOOK_GEMM_FLAG=1 ENABLE_CODEBOOK_REFERENCE_FLAG=0 ENABLE_DEBUG_PRINT_FLAG=0 PROFILE_GEMM_ONLY_FLAG=1 GEM5_PROFILE_REGIONS_FLAG=1 DENSE_NO_SIMD_BASELINE_FLAG=0 I2CE_USE_LIBM5_FLAG=1	-	1	48KiB	32KiB	1MiB
E03	cb4-baseline-optimization	BERT-mini	64	512	256	4	1024	Codebook SIMD int8	2	4	128	transformer_BERT_mini_int8_noTiling_2D_CB_4_SVE_128.o	run_20261005_211929	/home/hlin/i2ce/exp-cb4-cache-study/38/out_20261005_211929/stats.txt	11	final_total	10	final_total	total_program	1.167828	673408885	802214537	4671311300	139627664	123308317	16319347	140790333	22466008	169284661	119351	19254201	15908854	48502092	1445149	0.144158	6.936813	0.159570671660	0.000705031391	0.826253657578	0.029795601394	0.923548	38	33d76aa29d8e	Merge pull request #17 from hsylin/perf/codebook-sdot	17ad65c1a1d86b9c075954dd6133330e5c48201214c645a24c6f814728be6fc5	USE_FP32_TRANSFORMER_FLAG=0 FULL_INTERLEAVED_PIPELINE_FLAG=1 SIMD_FLAG=1 RELOAD_WEIGHT_FLAG=1 USE_NOTEBOOK_GENERATED_WEIGHTS_FLAG=1 USE_CODEBOOK_GEMM_FLAG=1 ENABLE_CODEBOOK_REFERENCE_FLAG=0 ENABLE_DEBUG_PRINT_FLAG=0 PROFILE_GEMM_ONLY_FLAG=1 GEM5_PROFILE_REGIONS_FLAG=1 DENSE_NO_SIMD_BASELINE_FLAG=0 I2CE_USE_LIBM5_FLAG=1	-	1	48KiB	32KiB	1MiB
E04	cb4-baseline-optimization	BERT-mini	64	512	256	4	1024	Codebook SIMD int8	2	4	128	transformer_BERT_mini_int8_noTiling_2D_CB_4_SVE_128.o	run_20261005_211932	/home/hlin/i2ce/exp-cb4-cache-study/38/out_20261005_211932/stats.txt	1	interval_delta	1	after_qkv_h	MHA_QKV	0.182419	103487084	122550561	729673170	21777327	19959190	1818137	21779000	3998249	32766713	19296	3592526	2262060	8989831	408732								38	e62309bca2c2	perf(gemm): integrate complete I2 decoding into prepared CB4 outputs	55a3e5e2922c39031c335641503f63debb0f4754acb95005c86ee7ca06620e73	USE_FP32_TRANSFORMER_FLAG=0 FULL_INTERLEAVED_PIPELINE_FLAG=1 SIMD_FLAG=1 RELOAD_WEIGHT_FLAG=1 USE_NOTEBOOK_GENERATED_WEIGHTS_FLAG=1 USE_CODEBOOK_GEMM_FLAG=1 ENABLE_CODEBOOK_REFERENCE_FLAG=0 ENABLE_DEBUG_PRINT_FLAG=0 PROFILE_GEMM_ONLY_FLAG=1 GEM5_PROFILE_REGIONS_FLAG=1 DENSE_NO_SIMD_BASELINE_FLAG=0 I2CE_USE_LIBM5_FLAG=1	-	1	48KiB	32KiB	1MiB
E04	cb4-baseline-optimization	BERT-mini	64	512	256	4	1024	Codebook SIMD int8	2	4	128	transformer_BERT_mini_int8_noTiling_2D_CB_4_SVE_128.o	run_20261005_211932	/home/hlin/i2ce/exp-cb4-cache-study/38/out_20261005_211932/stats.txt	2	interval_delta	2	after_qk_h	MHA_QK	0.040585	61946502	87255610	162342949	19394780	16899701	2495079	19393958	2226833	17249818	8559	2167087	171409	7517882	9144								38	e62309bca2c2	perf(gemm): integrate complete I2 decoding into prepared CB4 outputs	55a3e5e2922c39031c335641503f63debb0f4754acb95005c86ee7ca06620e73	USE_FP32_TRANSFORMER_FLAG=0 FULL_INTERLEAVED_PIPELINE_FLAG=1 SIMD_FLAG=1 RELOAD_WEIGHT_FLAG=1 USE_NOTEBOOK_GENERATED_WEIGHTS_FLAG=1 USE_CODEBOOK_GEMM_FLAG=1 ENABLE_CODEBOOK_REFERENCE_FLAG=0 ENABLE_DEBUG_PRINT_FLAG=0 PROFILE_GEMM_ONLY_FLAG=1 GEM5_PROFILE_REGIONS_FLAG=1 DENSE_NO_SIMD_BASELINE_FLAG=0 I2CE_USE_LIBM5_FLAG=1	-	1	48KiB	32KiB	1MiB
E04	cb4-baseline-optimization	BERT-mini	64	512	256	4	1024	Codebook SIMD int8	2	4	128	transformer_BERT_mini_int8_noTiling_2D_CB_4_SVE_128.o	run_20261005_211932	/home/hlin/i2ce/exp-cb4-cache-study/38/out_20261005_211932/stats.txt	3	interval_delta	3	after_softmax_h	MHA_softmax	0.010140	23118739	23123452	40557614	10493065	6295187	4197878	10497345	33511	8435965	647	34079	263	2102555	4630								38	e62309bca2c2	perf(gemm): integrate complete I2 decoding into prepared CB4 outputs	55a3e5e2922c39031c335641503f63debb0f4754acb95005c86ee7ca06620e73	USE_FP32_TRANSFORMER_FLAG=0 FULL_INTERLEAVED_PIPELINE_FLAG=1 SIMD_FLAG=1 RELOAD_WEIGHT_FLAG=1 USE_NOTEBOOK_GENERATED_WEIGHTS_FLAG=1 USE_CODEBOOK_GEMM_FLAG=1 ENABLE_CODEBOOK_REFERENCE_FLAG=0 ENABLE_DEBUG_PRINT_FLAG=0 PROFILE_GEMM_ONLY_FLAG=1 GEM5_PROFILE_REGIONS_FLAG=1 DENSE_NO_SIMD_BASELINE_FLAG=0 I2CE_USE_LIBM5_FLAG=1	-	1	48KiB	32KiB	1MiB
E04	cb4-baseline-optimization	BERT-mini	64	512	256	4	1024	Codebook SIMD int8	2	4	128	transformer_BERT_mini_int8_noTiling_2D_CB_4_SVE_128.o	run_20261005_211932	/home/hlin/i2ce/exp-cb4-cache-study/38/out_20261005_211932/stats.txt	4	interval_delta	4	after_sv_h	MHA_SV	0.029136	46862951	72088376	116545626	18250021	17365881	884140	18252156	4006823	19112344	4440	2294274	10108	4927905	141074								38	e62309bca2c2	perf(gemm): integrate complete I2 decoding into prepared CB4 outputs	55a3e5e2922c39031c335641503f63debb0f4754acb95005c86ee7ca06620e73	USE_FP32_TRANSFORMER_FLAG=0 FULL_INTERLEAVED_PIPELINE_FLAG=1 SIMD_FLAG=1 RELOAD_WEIGHT_FLAG=1 USE_NOTEBOOK_GENERATED_WEIGHTS_FLAG=1 USE_CODEBOOK_GEMM_FLAG=1 ENABLE_CODEBOOK_REFERENCE_FLAG=0 ENABLE_DEBUG_PRINT_FLAG=0 PROFILE_GEMM_ONLY_FLAG=1 GEM5_PROFILE_REGIONS_FLAG=1 DENSE_NO_SIMD_BASELINE_FLAG=0 I2CE_USE_LIBM5_FLAG=1	-	1	48KiB	32KiB	1MiB
E04	cb4-baseline-optimization	BERT-mini	64	512	256	4	1024	Codebook SIMD int8	2	4	128	transformer_BERT_mini_int8_noTiling_2D_CB_4_SVE_128.o	run_20261005_211932	/home/hlin/i2ce/exp-cb4-cache-study/38/out_20261005_211932/stats.txt	5	interval_delta	5	after_mha	MHA_out	0.000001	875	1065	4649	365	170	195	367	32	470	18	45	15	195	28								38	e62309bca2c2	perf(gemm): integrate complete I2 decoding into prepared CB4 outputs	55a3e5e2922c39031c335641503f63debb0f4754acb95005c86ee7ca06620e73	USE_FP32_TRANSFORMER_FLAG=0 FULL_INTERLEAVED_PIPELINE_FLAG=1 SIMD_FLAG=1 RELOAD_WEIGHT_FLAG=1 USE_NOTEBOOK_GENERATED_WEIGHTS_FLAG=1 USE_CODEBOOK_GEMM_FLAG=1 ENABLE_CODEBOOK_REFERENCE_FLAG=0 ENABLE_DEBUG_PRINT_FLAG=0 PROFILE_GEMM_ONLY_FLAG=1 GEM5_PROFILE_REGIONS_FLAG=1 DENSE_NO_SIMD_BASELINE_FLAG=0 I2CE_USE_LIBM5_FLAG=1	-	1	48KiB	32KiB	1MiB
E04	cb4-baseline-optimization	BERT-mini	64	512	256	4	1024	Codebook SIMD int8	2	4	128	transformer_BERT_mini_int8_noTiling_2D_CB_4_SVE_128.o	run_20261005_211932	/home/hlin/i2ce/exp-cb4-cache-study/38/out_20261005_211932/stats.txt	6	interval_delta	6	after_projection	Projection	0.046440	33572472	39885643	185760945	6886090	6442628	443462	6886909	1322467	10680317	4127	1191204	489692	2907405	134344								38	e62309bca2c2	perf(gemm): integrate complete I2 decoding into prepared CB4 outputs	55a3e5e2922c39031c335641503f63debb0f4754acb95005c86ee7ca06620e73	USE_FP32_TRANSFORMER_FLAG=0 FULL_INTERLEAVED_PIPELINE_FLAG=1 SIMD_FLAG=1 RELOAD_WEIGHT_FLAG=1 USE_NOTEBOOK_GENERATED_WEIGHTS_FLAG=1 USE_CODEBOOK_GEMM_FLAG=1 ENABLE_CODEBOOK_REFERENCE_FLAG=0 ENABLE_DEBUG_PRINT_FLAG=0 PROFILE_GEMM_ONLY_FLAG=1 GEM5_PROFILE_REGIONS_FLAG=1 DENSE_NO_SIMD_BASELINE_FLAG=0 I2CE_USE_LIBM5_FLAG=1	-	1	48KiB	32KiB	1MiB
E04	cb4-baseline-optimization	BERT-mini	64	512	256	4	1024	Codebook SIMD int8	2	4	128	transformer_BERT_mini_int8_noTiling_2D_CB_4_SVE_128.o	run_20261005_211932	/home/hlin/i2ce/exp-cb4-cache-study/38/out_20261005_211932/stats.txt	7	interval_delta	7	after_attn_addnorm	non_GEMM_after_projection	0.001892	5926443	5927899	7567916	1839029	1313350	525679	1839584	8391	1459985	487	8845	4192	398135	1867								38	e62309bca2c2	perf(gemm): integrate complete I2 decoding into prepared CB4 outputs	55a3e5e2922c39031c335641503f63debb0f4754acb95005c86ee7ca06620e73	USE_FP32_TRANSFORMER_FLAG=0 FULL_INTERLEAVED_PIPELINE_FLAG=1 SIMD_FLAG=1 RELOAD_WEIGHT_FLAG=1 USE_NOTEBOOK_GENERATED_WEIGHTS_FLAG=1 USE_CODEBOOK_GEMM_FLAG=1 ENABLE_CODEBOOK_REFERENCE_FLAG=0 ENABLE_DEBUG_PRINT_FLAG=0 PROFILE_GEMM_ONLY_FLAG=1 GEM5_PROFILE_REGIONS_FLAG=1 DENSE_NO_SIMD_BASELINE_FLAG=0 I2CE_USE_LIBM5_FLAG=1	-	1	48KiB	32KiB	1MiB
E04	cb4-baseline-optimization	BERT-mini	64	512	256	4	1024	Codebook SIMD int8	2	4	128	transformer_BERT_mini_int8_noTiling_2D_CB_4_SVE_128.o	run_20261005_211932	/home/hlin/i2ce/exp-cb4-cache-study/38/out_20261005_211932/stats.txt	8	interval_delta	8	after_ff1	FF1	0.311827	134967528	160355735	1247307875	27782500	25881488	1901012	27782408	5277537	43003938	12284	4747376	4219423	11750828	535968								38	e62309bca2c2	perf(gemm): integrate complete I2 decoding into prepared CB4 outputs	55a3e5e2922c39031c335641503f63debb0f4754acb95005c86ee7ca06620e73	USE_FP32_TRANSFORMER_FLAG=0 FULL_INTERLEAVED_PIPELINE_FLAG=1 SIMD_FLAG=1 RELOAD_WEIGHT_FLAG=1 USE_NOTEBOOK_GENERATED_WEIGHTS_FLAG=1 USE_CODEBOOK_GEMM_FLAG=1 ENABLE_CODEBOOK_REFERENCE_FLAG=0 ENABLE_DEBUG_PRINT_FLAG=0 PROFILE_GEMM_ONLY_FLAG=1 GEM5_PROFILE_REGIONS_FLAG=1 DENSE_NO_SIMD_BASELINE_FLAG=0 I2CE_USE_LIBM5_FLAG=1	-	1	48KiB	32KiB	1MiB
E04	cb4-baseline-optimization	BERT-mini	64	512	256	4	1024	Codebook SIMD int8	2	4	128	transformer_BERT_mini_int8_noTiling_2D_CB_4_SVE_128.o	run_20261005_211932	/home/hlin/i2ce/exp-cb4-cache-study/38/out_20261005_211932/stats.txt	9	interval_delta	9	after_ff2	FF2	0.146054	121727402	146936510	584216508	25791764	25333774	457990	25792528	4473428	35878833	4462	4342005	1332795	9211452	134632								38	e62309bca2c2	perf(gemm): integrate complete I2 decoding into prepared CB4 outputs	55a3e5e2922c39031c335641503f63debb0f4754acb95005c86ee7ca06620e73	USE_FP32_TRANSFORMER_FLAG=0 FULL_INTERLEAVED_PIPELINE_FLAG=1 SIMD_FLAG=1 RELOAD_WEIGHT_FLAG=1 USE_NOTEBOOK_GENERATED_WEIGHTS_FLAG=1 USE_CODEBOOK_GEMM_FLAG=1 ENABLE_CODEBOOK_REFERENCE_FLAG=0 ENABLE_DEBUG_PRINT_FLAG=0 PROFILE_GEMM_ONLY_FLAG=1 GEM5_PROFILE_REGIONS_FLAG=1 DENSE_NO_SIMD_BASELINE_FLAG=0 I2CE_USE_LIBM5_FLAG=1	-	1	48KiB	32KiB	1MiB
E04	cb4-baseline-optimization	BERT-mini	64	512	256	4	1024	Codebook SIMD int8	2	4	128	transformer_BERT_mini_int8_noTiling_2D_CB_4_SVE_128.o	run_20261005_211932	/home/hlin/i2ce/exp-cb4-cache-study/38/out_20261005_211932/stats.txt	10	interval_delta	10	final_total	non_GEMM_after_ff2	0.003107	8973704	8976451	12426486	2709317	1871422	837895	2709919	41424	2332771	797	34036	11221	687813	3027								38	e62309bca2c2	perf(gemm): integrate complete I2 decoding into prepared CB4 outputs	55a3e5e2922c39031c335641503f63debb0f4754acb95005c86ee7ca06620e73	USE_FP32_TRANSFORMER_FLAG=0 FULL_INTERLEAVED_PIPELINE_FLAG=1 SIMD_FLAG=1 RELOAD_WEIGHT_FLAG=1 USE_NOTEBOOK_GENERATED_WEIGHTS_FLAG=1 USE_CODEBOOK_GEMM_FLAG=1 ENABLE_CODEBOOK_REFERENCE_FLAG=0 ENABLE_DEBUG_PRINT_FLAG=0 PROFILE_GEMM_ONLY_FLAG=1 GEM5_PROFILE_REGIONS_FLAG=1 DENSE_NO_SIMD_BASELINE_FLAG=0 I2CE_USE_LIBM5_FLAG=1	-	1	48KiB	32KiB	1MiB
E04	cb4-baseline-optimization	BERT-mini	64	512	256	4	1024	Codebook SIMD int8	2	4	128	transformer_BERT_mini_int8_noTiling_2D_CB_4_SVE_128.o	run_20261005_211932	/home/hlin/i2ce/exp-cb4-cache-study/38/out_20261005_211932/stats.txt	11	final_total	10	final_total	total_program	0.771601	540583700	667101302	3086403738	134924258	121362791	13561467	134934174	21388695	170921154	55117	18411477	8501178	48494001	1373446	0.175150	5.709391	0.158512068262	0.000322470325	0.461732537808	0.028321977393	0.897264	38	e62309bca2c2	perf(gemm): integrate complete I2 decoding into prepared CB4 outputs	55a3e5e2922c39031c335641503f63debb0f4754acb95005c86ee7ca06620e73	USE_FP32_TRANSFORMER_FLAG=0 FULL_INTERLEAVED_PIPELINE_FLAG=1 SIMD_FLAG=1 RELOAD_WEIGHT_FLAG=1 USE_NOTEBOOK_GENERATED_WEIGHTS_FLAG=1 USE_CODEBOOK_GEMM_FLAG=1 ENABLE_CODEBOOK_REFERENCE_FLAG=0 ENABLE_DEBUG_PRINT_FLAG=0 PROFILE_GEMM_ONLY_FLAG=1 GEM5_PROFILE_REGIONS_FLAG=1 DENSE_NO_SIMD_BASELINE_FLAG=0 I2CE_USE_LIBM5_FLAG=1	-	1	48KiB	32KiB	1MiB
E05	cb4-baseline-optimization	BERT-mini	64	512	256	4	1024	Codebook SIMD int8	2	4	128	transformer_BERT_mini_int8_noTiling_2D_CB_4_SVE_128.o	run_20261005_211934	/home/hlin/i2ce/exp-cb4-cache-study/38/out_20261005_211934/stats.txt	1	interval_delta	1	after_qkv_h	MHA_QKV	0.053029	104230520	123258784	212118576	20946616	19541616	1405000	20947714	134249	33530393	16411	107078	48463	8976250	412059								38	e92999ac319b	perf(gemm): integrate row-first traversal into CB4 non-tiling pipeline	0aaebfc2f3a85c90ce61ba8394020007e307d8423cf2fd70ad7cc8c6740d35b6	USE_FP32_TRANSFORMER_FLAG=0 FULL_INTERLEAVED_PIPELINE_FLAG=1 SIMD_FLAG=1 RELOAD_WEIGHT_FLAG=1 USE_NOTEBOOK_GENERATED_WEIGHTS_FLAG=1 USE_CODEBOOK_GEMM_FLAG=1 ENABLE_CODEBOOK_REFERENCE_FLAG=0 ENABLE_DEBUG_PRINT_FLAG=0 PROFILE_GEMM_ONLY_FLAG=1 GEM5_PROFILE_REGIONS_FLAG=1 DENSE_NO_SIMD_BASELINE_FLAG=0 I2CE_USE_LIBM5_FLAG=1	-	1	48KiB	32KiB	1MiB
E05	cb4-baseline-optimization	BERT-mini	64	512	256	4	1024	Codebook SIMD int8	2	4	128	transformer_BERT_mini_int8_noTiling_2D_CB_4_SVE_128.o	run_20261005_211934	/home/hlin/i2ce/exp-cb4-cache-study/38/out_20261005_211934/stats.txt	2	interval_delta	2	after_qk_h	MHA_QK	0.040265	61944434	87253163	161054719	19394222	16899432	2494790	19393401	2226838	15152429	8390	2166907	166853	7517580	9188								38	e92999ac319b	perf(gemm): integrate row-first traversal into CB4 non-tiling pipeline	0aaebfc2f3a85c90ce61ba8394020007e307d8423cf2fd70ad7cc8c6740d35b6	USE_FP32_TRANSFORMER_FLAG=0 FULL_INTERLEAVED_PIPELINE_FLAG=1 SIMD_FLAG=1 RELOAD_WEIGHT_FLAG=1 USE_NOTEBOOK_GENERATED_WEIGHTS_FLAG=1 USE_CODEBOOK_GEMM_FLAG=1 ENABLE_CODEBOOK_REFERENCE_FLAG=0 ENABLE_DEBUG_PRINT_FLAG=0 PROFILE_GEMM_ONLY_FLAG=1 GEM5_PROFILE_REGIONS_FLAG=1 DENSE_NO_SIMD_BASELINE_FLAG=0 I2CE_USE_LIBM5_FLAG=1	-	1	48KiB	32KiB	1MiB
E05	cb4-baseline-optimization	BERT-mini	64	512	256	4	1024	Codebook SIMD int8	2	4	128	transformer_BERT_mini_int8_noTiling_2D_CB_4_SVE_128.o	run_20261005_211934	/home/hlin/i2ce/exp-cb4-cache-study/38/out_20261005_211934/stats.txt	3	interval_delta	3	after_softmax_h	MHA_softmax	0.010133	23114540	23118158	40534045	10491372	6294284	4197088	10495605	33337	8434291	442	33706	212	2101795	4509								38	e92999ac319b	perf(gemm): integrate row-first traversal into CB4 non-tiling pipeline	0aaebfc2f3a85c90ce61ba8394020007e307d8423cf2fd70ad7cc8c6740d35b6	USE_FP32_TRANSFORMER_FLAG=0 FULL_INTERLEAVED_PIPELINE_FLAG=1 SIMD_FLAG=1 RELOAD_WEIGHT_FLAG=1 USE_NOTEBOOK_GENERATED_WEIGHTS_FLAG=1 USE_CODEBOOK_GEMM_FLAG=1 ENABLE_CODEBOOK_REFERENCE_FLAG=0 ENABLE_DEBUG_PRINT_FLAG=0 PROFILE_GEMM_ONLY_FLAG=1 GEM5_PROFILE_REGIONS_FLAG=1 DENSE_NO_SIMD_BASELINE_FLAG=0 I2CE_USE_LIBM5_FLAG=1	-	1	48KiB	32KiB	1MiB
E05	cb4-baseline-optimization	BERT-mini	64	512	256	4	1024	Codebook SIMD int8	2	4	128	transformer_BERT_mini_int8_noTiling_2D_CB_4_SVE_128.o	run_20261005_211934	/home/hlin/i2ce/exp-cb4-cache-study/38/out_20261005_211934/stats.txt	4	interval_delta	4	after_sv_h	MHA_SV	0.029099	46857191	72081824	116396925	18248372	17364997	883375	18250342	4006861	15043929	3539	2293312	9563	4926587	140565								38	e92999ac319b	perf(gemm): integrate row-first traversal into CB4 non-tiling pipeline	0aaebfc2f3a85c90ce61ba8394020007e307d8423cf2fd70ad7cc8c6740d35b6	USE_FP32_TRANSFORMER_FLAG=0 FULL_INTERLEAVED_PIPELINE_FLAG=1 SIMD_FLAG=1 RELOAD_WEIGHT_FLAG=1 USE_NOTEBOOK_GENERATED_WEIGHTS_FLAG=1 USE_CODEBOOK_GEMM_FLAG=1 ENABLE_CODEBOOK_REFERENCE_FLAG=0 ENABLE_DEBUG_PRINT_FLAG=0 PROFILE_GEMM_ONLY_FLAG=1 GEM5_PROFILE_REGIONS_FLAG=1 DENSE_NO_SIMD_BASELINE_FLAG=0 I2CE_USE_LIBM5_FLAG=1	-	1	48KiB	32KiB	1MiB
E05	cb4-baseline-optimization	BERT-mini	64	512	256	4	1024	Codebook SIMD int8	2	4	128	transformer_BERT_mini_int8_noTiling_2D_CB_4_SVE_128.o	run_20261005_211934	/home/hlin/i2ce/exp-cb4-cache-study/38/out_20261005_211934/stats.txt	5	interval_delta	5	after_mha	MHA_out	0.000002	875	1065	6275	365	170	195	372	32	488	16	43	16	195	35								38	e92999ac319b	perf(gemm): integrate row-first traversal into CB4 non-tiling pipeline	0aaebfc2f3a85c90ce61ba8394020007e307d8423cf2fd70ad7cc8c6740d35b6	USE_FP32_TRANSFORMER_FLAG=0 FULL_INTERLEAVED_PIPELINE_FLAG=1 SIMD_FLAG=1 RELOAD_WEIGHT_FLAG=1 USE_NOTEBOOK_GENERATED_WEIGHTS_FLAG=1 USE_CODEBOOK_GEMM_FLAG=1 ENABLE_CODEBOOK_REFERENCE_FLAG=0 ENABLE_DEBUG_PRINT_FLAG=0 PROFILE_GEMM_ONLY_FLAG=1 GEM5_PROFILE_REGIONS_FLAG=1 DENSE_NO_SIMD_BASELINE_FLAG=0 I2CE_USE_LIBM5_FLAG=1	-	1	48KiB	32KiB	1MiB
E05	cb4-baseline-optimization	BERT-mini	64	512	256	4	1024	Codebook SIMD int8	2	4	128	transformer_BERT_mini_int8_noTiling_2D_CB_4_SVE_128.o	run_20261005_211934	/home/hlin/i2ce/exp-cb4-cache-study/38/out_20261005_211934/stats.txt	6	interval_delta	6	after_projection	Projection	0.016786	33805862	40110616	67146081	6611171	6304586	306585	6611832	22720	10929811	3526	17983	6058	2902139	134155								38	e92999ac319b	perf(gemm): integrate row-first traversal into CB4 non-tiling pipeline	0aaebfc2f3a85c90ce61ba8394020007e307d8423cf2fd70ad7cc8c6740d35b6	USE_FP32_TRANSFORMER_FLAG=0 FULL_INTERLEAVED_PIPELINE_FLAG=1 SIMD_FLAG=1 RELOAD_WEIGHT_FLAG=1 USE_NOTEBOOK_GENERATED_WEIGHTS_FLAG=1 USE_CODEBOOK_GEMM_FLAG=1 ENABLE_CODEBOOK_REFERENCE_FLAG=0 ENABLE_DEBUG_PRINT_FLAG=0 PROFILE_GEMM_ONLY_FLAG=1 GEM5_PROFILE_REGIONS_FLAG=1 DENSE_NO_SIMD_BASELINE_FLAG=0 I2CE_USE_LIBM5_FLAG=1	-	1	48KiB	32KiB	1MiB
E05	cb4-baseline-optimization	BERT-mini	64	512	256	4	1024	Codebook SIMD int8	2	4	128	transformer_BERT_mini_int8_noTiling_2D_CB_4_SVE_128.o	run_20261005_211934	/home/hlin/i2ce/exp-cb4-cache-study/38/out_20261005_211934/stats.txt	7	interval_delta	7	after_attn_addnorm	non_GEMM_after_projection	0.001892	5926443	5927899	7569212	1839029	1313350	525679	1839586	8392	1460047	480	8839	4201	398134	1871								38	e92999ac319b	perf(gemm): integrate row-first traversal into CB4 non-tiling pipeline	0aaebfc2f3a85c90ce61ba8394020007e307d8423cf2fd70ad7cc8c6740d35b6	USE_FP32_TRANSFORMER_FLAG=0 FULL_INTERLEAVED_PIPELINE_FLAG=1 SIMD_FLAG=1 RELOAD_WEIGHT_FLAG=1 USE_NOTEBOOK_GENERATED_WEIGHTS_FLAG=1 USE_CODEBOOK_GEMM_FLAG=1 ENABLE_CODEBOOK_REFERENCE_FLAG=0 ENABLE_DEBUG_PRINT_FLAG=0 PROFILE_GEMM_ONLY_FLAG=1 GEM5_PROFILE_REGIONS_FLAG=1 DENSE_NO_SIMD_BASELINE_FLAG=0 I2CE_USE_LIBM5_FLAG=1	-	1	48KiB	32KiB	1MiB
E05	cb4-baseline-optimization	BERT-mini	64	512	256	4	1024	Codebook SIMD int8	2	4	128	transformer_BERT_mini_int8_noTiling_2D_CB_4_SVE_128.o	run_20261005_211934	/home/hlin/i2ce/exp-cb4-cache-study/38/out_20261005_211934/stats.txt	8	interval_delta	8	after_ff1	FF1	0.098240	135770080	161098881	392957527	26639621	25306536	1333085	26638368	586319	43944801	7264	559999	543073	11708397	531743								38	e92999ac319b	perf(gemm): integrate row-first traversal into CB4 non-tiling pipeline	0aaebfc2f3a85c90ce61ba8394020007e307d8423cf2fd70ad7cc8c6740d35b6	USE_FP32_TRANSFORMER_FLAG=0 FULL_INTERLEAVED_PIPELINE_FLAG=1 SIMD_FLAG=1 RELOAD_WEIGHT_FLAG=1 USE_NOTEBOOK_GENERATED_WEIGHTS_FLAG=1 USE_CODEBOOK_GEMM_FLAG=1 ENABLE_CODEBOOK_REFERENCE_FLAG=0 ENABLE_DEBUG_PRINT_FLAG=0 PROFILE_GEMM_ONLY_FLAG=1 GEM5_PROFILE_REGIONS_FLAG=1 DENSE_NO_SIMD_BASELINE_FLAG=0 I2CE_USE_LIBM5_FLAG=1	-	1	48KiB	32KiB	1MiB
E05	cb4-baseline-optimization	BERT-mini	64	512	256	4	1024	Codebook SIMD int8	2	4	128	transformer_BERT_mini_int8_noTiling_2D_CB_4_SVE_128.o	run_20261005_211934	/home/hlin/i2ce/exp-cb4-cache-study/38/out_20261005_211934/stats.txt	9	interval_delta	9	after_ff2	FF2	0.091571	121928169	147121276	366283505	25504657	25189209	315448	25505291	563546	36113656	2834	557406	536383	9200161	133742								38	e92999ac319b	perf(gemm): integrate row-first traversal into CB4 non-tiling pipeline	0aaebfc2f3a85c90ce61ba8394020007e307d8423cf2fd70ad7cc8c6740d35b6	USE_FP32_TRANSFORMER_FLAG=0 FULL_INTERLEAVED_PIPELINE_FLAG=1 SIMD_FLAG=1 RELOAD_WEIGHT_FLAG=1 USE_NOTEBOOK_GENERATED_WEIGHTS_FLAG=1 USE_CODEBOOK_GEMM_FLAG=1 ENABLE_CODEBOOK_REFERENCE_FLAG=0 ENABLE_DEBUG_PRINT_FLAG=0 PROFILE_GEMM_ONLY_FLAG=1 GEM5_PROFILE_REGIONS_FLAG=1 DENSE_NO_SIMD_BASELINE_FLAG=0 I2CE_USE_LIBM5_FLAG=1	-	1	48KiB	32KiB	1MiB
E05	cb4-baseline-optimization	BERT-mini	64	512	256	4	1024	Codebook SIMD int8	2	4	128	transformer_BERT_mini_int8_noTiling_2D_CB_4_SVE_128.o	run_20261005_211934	/home/hlin/i2ce/exp-cb4-cache-study/38/out_20261005_211934/stats.txt	10	interval_delta	10	final_total	non_GEMM_after_ff2	0.003049	8969510	8971162	12199007	2707627	1870520	837107	2708165	41244	2330873	489	33560	10483	687065	2874								38	e92999ac319b	perf(gemm): integrate row-first traversal into CB4 non-tiling pipeline	0aaebfc2f3a85c90ce61ba8394020007e307d8423cf2fd70ad7cc8c6740d35b6	USE_FP32_TRANSFORMER_FLAG=0 FULL_INTERLEAVED_PIPELINE_FLAG=1 SIMD_FLAG=1 RELOAD_WEIGHT_FLAG=1 USE_NOTEBOOK_GENERATED_WEIGHTS_FLAG=1 USE_CODEBOOK_GEMM_FLAG=1 ENABLE_CODEBOOK_REFERENCE_FLAG=0 ENABLE_DEBUG_PRINT_FLAG=0 PROFILE_GEMM_ONLY_FLAG=1 GEM5_PROFILE_REGIONS_FLAG=1 DENSE_NO_SIMD_BASELINE_FLAG=0 I2CE_USE_LIBM5_FLAG=1	-	1	48KiB	32KiB	1MiB
E05	cb4-baseline-optimization	BERT-mini	64	512	256	4	1024	Codebook SIMD int8	2	4	128	transformer_BERT_mini_int8_noTiling_2D_CB_4_SVE_128.o	run_20261005_211934	/home/hlin/i2ce/exp-cb4-cache-study/38/out_20261005_211934/stats.txt	11	final_total	10	final_total	total_program	0.344066	542547624	668942828	1376265872	132383052	120084700	12298352	132390676	7623538	166940718	43391	5778833	1325305	48418303	1370741	0.394217	2.536673	0.057583647356	0.000259918614	0.229337826513	0.028310389152	0.898093	38	e92999ac319b	perf(gemm): integrate row-first traversal into CB4 non-tiling pipeline	0aaebfc2f3a85c90ce61ba8394020007e307d8423cf2fd70ad7cc8c6740d35b6	USE_FP32_TRANSFORMER_FLAG=0 FULL_INTERLEAVED_PIPELINE_FLAG=1 SIMD_FLAG=1 RELOAD_WEIGHT_FLAG=1 USE_NOTEBOOK_GENERATED_WEIGHTS_FLAG=1 USE_CODEBOOK_GEMM_FLAG=1 ENABLE_CODEBOOK_REFERENCE_FLAG=0 ENABLE_DEBUG_PRINT_FLAG=0 PROFILE_GEMM_ONLY_FLAG=1 GEM5_PROFILE_REGIONS_FLAG=1 DENSE_NO_SIMD_BASELINE_FLAG=0 I2CE_USE_LIBM5_FLAG=1	-	1	48KiB	32KiB	1MiB
E06	cb4-hierarchical-cache-packing	BERT-mini	64	512	256	4	1024	Codebook SIMD int8	2	4	128	transformer_BERT_mini_int8_noTiling_2D_CB_4_SVE_128.o	run_20261006_075821	/home/hlin/i2ce/exp-cb4-cache-packing-revision/38/out_20261006_075821/stats.txt	1	interval_delta	1	after_qkv_h	MHA_QKV	0.057599	132344259	133105401	230395470	26721579	22441254	4280325	26749562	218694	33368628	19278	180446	75384	10213198	73299								38	6b05de1c6b48	perf(gemm): vectorize CB4 cache packing and avoid unused padding writes	0ee7e63c6bbda915c879fe102225739e0310e250335529e348b01584e2d3746d	USE_FP32_TRANSFORMER_FLAG=0 FULL_INTERLEAVED_PIPELINE_FLAG=1 SIMD_FLAG=1 RELOAD_WEIGHT_FLAG=1 USE_NOTEBOOK_GENERATED_WEIGHTS_FLAG=1 USE_CODEBOOK_GEMM_FLAG=1 ENABLE_CODEBOOK_REFERENCE_FLAG=0 ENABLE_DEBUG_PRINT_FLAG=0 PROFILE_GEMM_ONLY_FLAG=1 GEM5_PROFILE_REGIONS_FLAG=1 DENSE_NO_SIMD_BASELINE_FLAG=0 I2CE_USE_LIBM5_FLAG=1	-	1	48KiB	32KiB	1MiB
E06	cb4-hierarchical-cache-packing	BERT-mini	64	512	256	4	1024	Codebook SIMD int8	2	4	128	transformer_BERT_mini_int8_noTiling_2D_CB_4_SVE_128.o	run_20261006_075821	/home/hlin/i2ce/exp-cb4-cache-packing-revision/38/out_20261006_075821/stats.txt	2	interval_delta	2	after_qk_h	MHA_QK	0.041820	61942436	87250654	167279744	19393703	16899190	2494513	19392915	2226311	18263205	8547	2166881	195020	7517420	9210								38	6b05de1c6b48	perf(gemm): vectorize CB4 cache packing and avoid unused padding writes	0ee7e63c6bbda915c879fe102225739e0310e250335529e348b01584e2d3746d	USE_FP32_TRANSFORMER_FLAG=0 FULL_INTERLEAVED_PIPELINE_FLAG=1 SIMD_FLAG=1 RELOAD_WEIGHT_FLAG=1 USE_NOTEBOOK_GENERATED_WEIGHTS_FLAG=1 USE_CODEBOOK_GEMM_FLAG=1 ENABLE_CODEBOOK_REFERENCE_FLAG=0 ENABLE_DEBUG_PRINT_FLAG=0 PROFILE_GEMM_ONLY_FLAG=1 GEM5_PROFILE_REGIONS_FLAG=1 DENSE_NO_SIMD_BASELINE_FLAG=0 I2CE_USE_LIBM5_FLAG=1	-	1	48KiB	32KiB	1MiB
E06	cb4-hierarchical-cache-packing	BERT-mini	64	512	256	4	1024	Codebook SIMD int8	2	4	128	transformer_BERT_mini_int8_noTiling_2D_CB_4_SVE_128.o	run_20261006_075821	/home/hlin/i2ce/exp-cb4-cache-packing-revision/38/out_20261006_075821/stats.txt	3	interval_delta	3	after_softmax_h	MHA_softmax	0.010119	23106150	23107578	40479829	10487992	6292480	4195512	10492120	32960	8426083	123	33045	79	2100278	4277								38	6b05de1c6b48	perf(gemm): vectorize CB4 cache packing and avoid unused padding writes	0ee7e63c6bbda915c879fe102225739e0310e250335529e348b01584e2d3746d	USE_FP32_TRANSFORMER_FLAG=0 FULL_INTERLEAVED_PIPELINE_FLAG=1 SIMD_FLAG=1 RELOAD_WEIGHT_FLAG=1 USE_NOTEBOOK_GENERATED_WEIGHTS_FLAG=1 USE_CODEBOOK_GEMM_FLAG=1 ENABLE_CODEBOOK_REFERENCE_FLAG=0 ENABLE_DEBUG_PRINT_FLAG=0 PROFILE_GEMM_ONLY_FLAG=1 GEM5_PROFILE_REGIONS_FLAG=1 DENSE_NO_SIMD_BASELINE_FLAG=0 I2CE_USE_LIBM5_FLAG=1	-	1	48KiB	32KiB	1MiB
E06	cb4-hierarchical-cache-packing	BERT-mini	64	512	256	4	1024	Codebook SIMD int8	2	4	128	transformer_BERT_mini_int8_noTiling_2D_CB_4_SVE_128.o	run_20261006_075821	/home/hlin/i2ce/exp-cb4-cache-packing-revision/38/out_20261006_075821/stats.txt	4	interval_delta	4	after_sv_h	MHA_SV	0.029077	46846938	72069854	116306854	18244769	17363229	881540	18246587	4006916	19499034	3085	2292884	9351	4924298	140109								38	6b05de1c6b48	perf(gemm): vectorize CB4 cache packing and avoid unused padding writes	0ee7e63c6bbda915c879fe102225739e0310e250335529e348b01584e2d3746d	USE_FP32_TRANSFORMER_FLAG=0 FULL_INTERLEAVED_PIPELINE_FLAG=1 SIMD_FLAG=1 RELOAD_WEIGHT_FLAG=1 USE_NOTEBOOK_GENERATED_WEIGHTS_FLAG=1 USE_CODEBOOK_GEMM_FLAG=1 ENABLE_CODEBOOK_REFERENCE_FLAG=0 ENABLE_DEBUG_PRINT_FLAG=0 PROFILE_GEMM_ONLY_FLAG=1 GEM5_PROFILE_REGIONS_FLAG=1 DENSE_NO_SIMD_BASELINE_FLAG=0 I2CE_USE_LIBM5_FLAG=1	-	1	48KiB	32KiB	1MiB
E06	cb4-hierarchical-cache-packing	BERT-mini	64	512	256	4	1024	Codebook SIMD int8	2	4	128	transformer_BERT_mini_int8_noTiling_2D_CB_4_SVE_128.o	run_20261006_075821	/home/hlin/i2ce/exp-cb4-cache-packing-revision/38/out_20261006_075821/stats.txt	5	interval_delta	5	after_mha	MHA_out	0.000002	876	1066	5434	365	170	195	371	31	472	15	42	17	196	32								38	6b05de1c6b48	perf(gemm): vectorize CB4 cache packing and avoid unused padding writes	0ee7e63c6bbda915c879fe102225739e0310e250335529e348b01584e2d3746d	USE_FP32_TRANSFORMER_FLAG=0 FULL_INTERLEAVED_PIPELINE_FLAG=1 SIMD_FLAG=1 RELOAD_WEIGHT_FLAG=1 USE_NOTEBOOK_GENERATED_WEIGHTS_FLAG=1 USE_CODEBOOK_GEMM_FLAG=1 ENABLE_CODEBOOK_REFERENCE_FLAG=0 ENABLE_DEBUG_PRINT_FLAG=0 PROFILE_GEMM_ONLY_FLAG=1 GEM5_PROFILE_REGIONS_FLAG=1 DENSE_NO_SIMD_BASELINE_FLAG=0 I2CE_USE_LIBM5_FLAG=1	-	1	48KiB	32KiB	1MiB
E06	cb4-hierarchical-cache-packing	BERT-mini	64	512	256	4	1024	Codebook SIMD int8	2	4	128	transformer_BERT_mini_int8_noTiling_2D_CB_4_SVE_128.o	run_20261006_075821	/home/hlin/i2ce/exp-cb4-cache-packing-revision/38/out_20261006_075821/stats.txt	6	interval_delta	6	after_projection	Projection	0.018457	43188508	43401741	73828734	8534228	7270122	1264106	8539847	53167	10842267	3683	45912	17502	3314481	22269								38	6b05de1c6b48	perf(gemm): vectorize CB4 cache packing and avoid unused padding writes	0ee7e63c6bbda915c879fe102225739e0310e250335529e348b01584e2d3746d	USE_FP32_TRANSFORMER_FLAG=0 FULL_INTERLEAVED_PIPELINE_FLAG=1 SIMD_FLAG=1 RELOAD_WEIGHT_FLAG=1 USE_NOTEBOOK_GENERATED_WEIGHTS_FLAG=1 USE_CODEBOOK_GEMM_FLAG=1 ENABLE_CODEBOOK_REFERENCE_FLAG=0 ENABLE_DEBUG_PRINT_FLAG=0 PROFILE_GEMM_ONLY_FLAG=1 GEM5_PROFILE_REGIONS_FLAG=1 DENSE_NO_SIMD_BASELINE_FLAG=0 I2CE_USE_LIBM5_FLAG=1	-	1	48KiB	32KiB	1MiB
E06	cb4-hierarchical-cache-packing	BERT-mini	64	512	256	4	1024	Codebook SIMD int8	2	4	128	transformer_BERT_mini_int8_noTiling_2D_CB_4_SVE_128.o	run_20261006_075821	/home/hlin/i2ce/exp-cb4-cache-packing-revision/38/out_20261006_075821/stats.txt	7	interval_delta	7	after_attn_addnorm	non_GEMM_after_projection	0.001892	5926443	5927899	7569423	1839029	1313350	525679	1839580	8394	1460083	465	8827	4195	398128	1886								38	6b05de1c6b48	perf(gemm): vectorize CB4 cache packing and avoid unused padding writes	0ee7e63c6bbda915c879fe102225739e0310e250335529e348b01584e2d3746d	USE_FP32_TRANSFORMER_FLAG=0 FULL_INTERLEAVED_PIPELINE_FLAG=1 SIMD_FLAG=1 RELOAD_WEIGHT_FLAG=1 USE_NOTEBOOK_GENERATED_WEIGHTS_FLAG=1 USE_CODEBOOK_GEMM_FLAG=1 ENABLE_CODEBOOK_REFERENCE_FLAG=0 ENABLE_DEBUG_PRINT_FLAG=0 PROFILE_GEMM_ONLY_FLAG=1 GEM5_PROFILE_REGIONS_FLAG=1 DENSE_NO_SIMD_BASELINE_FLAG=0 I2CE_USE_LIBM5_FLAG=1	-	1	48KiB	32KiB	1MiB
E06	cb4-hierarchical-cache-packing	BERT-mini	64	512	256	4	1024	Codebook SIMD int8	2	4	128	transformer_BERT_mini_int8_noTiling_2D_CB_4_SVE_128.o	run_20261006_075821	/home/hlin/i2ce/exp-cb4-cache-packing-revision/38/out_20261006_075821/stats.txt	8	interval_delta	8	after_ff1	FF1	0.075290	173273955	174224333	301159884	34314666	29159441	5155225	34365260	221869	43576997	6482	170759	92060	13350331	84650								38	6b05de1c6b48	perf(gemm): vectorize CB4 cache packing and avoid unused padding writes	0ee7e63c6bbda915c879fe102225739e0310e250335529e348b01584e2d3746d	USE_FP32_TRANSFORMER_FLAG=0 FULL_INTERLEAVED_PIPELINE_FLAG=1 SIMD_FLAG=1 RELOAD_WEIGHT_FLAG=1 USE_NOTEBOOK_GENERATED_WEIGHTS_FLAG=1 USE_CODEBOOK_GEMM_FLAG=1 ENABLE_CODEBOOK_REFERENCE_FLAG=0 ENABLE_DEBUG_PRINT_FLAG=0 PROFILE_GEMM_ONLY_FLAG=1 GEM5_PROFILE_REGIONS_FLAG=1 DENSE_NO_SIMD_BASELINE_FLAG=0 I2CE_USE_LIBM5_FLAG=1	-	1	48KiB	32KiB	1MiB
E06	cb4-hierarchical-cache-packing	BERT-mini	64	512	256	4	1024	Codebook SIMD int8	2	4	128	transformer_BERT_mini_int8_noTiling_2D_CB_4_SVE_128.o	run_20261006_075821	/home/hlin/i2ce/exp-cb4-cache-packing-revision/38/out_20261006_075821/stats.txt	9	interval_delta	9	after_ff2	FF2	0.073170	165436643	166253672	292677880	31562089	28221730	3340359	31568947	257739	38681567	3227	245989	101301	11582235	52639								38	6b05de1c6b48	perf(gemm): vectorize CB4 cache packing and avoid unused padding writes	0ee7e63c6bbda915c879fe102225739e0310e250335529e348b01584e2d3746d	USE_FP32_TRANSFORMER_FLAG=0 FULL_INTERLEAVED_PIPELINE_FLAG=1 SIMD_FLAG=1 RELOAD_WEIGHT_FLAG=1 USE_NOTEBOOK_GENERATED_WEIGHTS_FLAG=1 USE_CODEBOOK_GEMM_FLAG=1 ENABLE_CODEBOOK_REFERENCE_FLAG=0 ENABLE_DEBUG_PRINT_FLAG=0 PROFILE_GEMM_ONLY_FLAG=1 GEM5_PROFILE_REGIONS_FLAG=1 DENSE_NO_SIMD_BASELINE_FLAG=0 I2CE_USE_LIBM5_FLAG=1	-	1	48KiB	32KiB	1MiB
E06	cb4-hierarchical-cache-packing	BERT-mini	64	512	256	4	1024	Codebook SIMD int8	2	4	128	transformer_BERT_mini_int8_noTiling_2D_CB_4_SVE_128.o	run_20261006_075821	/home/hlin/i2ce/exp-cb4-cache-packing-revision/38/out_20261006_075821/stats.txt	10	interval_delta	10	final_total	non_GEMM_after_ff2	0.003025	8973934	8976700	12099060	2709406	1871469	837937	2709983	41427	2327878	789	34033	10409	687869	3064								38	6b05de1c6b48	perf(gemm): vectorize CB4 cache packing and avoid unused padding writes	0ee7e63c6bbda915c879fe102225739e0310e250335529e348b01584e2d3746d	USE_FP32_TRANSFORMER_FLAG=0 FULL_INTERLEAVED_PIPELINE_FLAG=1 SIMD_FLAG=1 RELOAD_WEIGHT_FLAG=1 USE_NOTEBOOK_GENERATED_WEIGHTS_FLAG=1 USE_CODEBOOK_GEMM_FLAG=1 ENABLE_CODEBOOK_REFERENCE_FLAG=0 ENABLE_DEBUG_PRINT_FLAG=0 PROFILE_GEMM_ONLY_FLAG=1 GEM5_PROFILE_REGIONS_FLAG=1 DENSE_NO_SIMD_BASELINE_FLAG=0 I2CE_USE_LIBM5_FLAG=1	-	1	48KiB	32KiB	1MiB
E06	cb4-hierarchical-cache-packing	BERT-mini	64	512	256	4	1024	Codebook SIMD int8	2	4	128	transformer_BERT_mini_int8_noTiling_2D_CB_4_SVE_128.o	run_20261006_075821	/home/hlin/i2ce/exp-cb4-cache-packing-revision/38/out_20261006_075821/stats.txt	11	final_total	10	final_total	total_program	0.310451	661040142	714318898	1241802312	153807826	130832435	22975391	153905172	7067508	176446214	45694	5178818	505318	54088434	391435	0.532323	1.878558	0.045921185807	0.000258968436	0.097574002407	0.007236944593	0.881566	38	6b05de1c6b48	perf(gemm): vectorize CB4 cache packing and avoid unused padding writes	0ee7e63c6bbda915c879fe102225739e0310e250335529e348b01584e2d3746d	USE_FP32_TRANSFORMER_FLAG=0 FULL_INTERLEAVED_PIPELINE_FLAG=1 SIMD_FLAG=1 RELOAD_WEIGHT_FLAG=1 USE_NOTEBOOK_GENERATED_WEIGHTS_FLAG=1 USE_CODEBOOK_GEMM_FLAG=1 ENABLE_CODEBOOK_REFERENCE_FLAG=0 ENABLE_DEBUG_PRINT_FLAG=0 PROFILE_GEMM_ONLY_FLAG=1 GEM5_PROFILE_REGIONS_FLAG=1 DENSE_NO_SIMD_BASELINE_FLAG=0 I2CE_USE_LIBM5_FLAG=1	-	1	48KiB	32KiB	1MiB
E07	cb4-hierarchical-cache-packing	BERT-mini	64	512	256	4	1024	Codebook SIMD int8	2	4	128	transformer_BERT_mini_int8_noTiling_2D_CB_4_SVE_128.o	run_20261006_075824	/home/hlin/i2ce/exp-cb4-cache-packing-revision/38/out_20261006_075824/stats.txt	1	interval_delta	1	after_qkv_h	MHA_QKV	0.032535	93247415	94004788	130139200	33997886	29030335	4967551	34012566	247799	28041905	19183	217897	92487	10606564	73333								38	4a90231e8762	perf(gemm): vectorize CB4 cache packing and avoid unused padding writes	444e9881887139fe30be0523c46371736ac459495a8b580f248cb9efb9df2977	USE_FP32_TRANSFORMER_FLAG=0 FULL_INTERLEAVED_PIPELINE_FLAG=1 SIMD_FLAG=1 RELOAD_WEIGHT_FLAG=1 USE_NOTEBOOK_GENERATED_WEIGHTS_FLAG=1 USE_CODEBOOK_GEMM_FLAG=1 ENABLE_CODEBOOK_REFERENCE_FLAG=0 ENABLE_DEBUG_PRINT_FLAG=0 PROFILE_GEMM_ONLY_FLAG=1 GEM5_PROFILE_REGIONS_FLAG=1 DENSE_NO_SIMD_BASELINE_FLAG=0 I2CE_USE_LIBM5_FLAG=1	-	1	48KiB	32KiB	1MiB
E07	cb4-hierarchical-cache-packing	BERT-mini	64	512	256	4	1024	Codebook SIMD int8	2	4	128	transformer_BERT_mini_int8_noTiling_2D_CB_4_SVE_128.o	run_20261006_075824	/home/hlin/i2ce/exp-cb4-cache-packing-revision/38/out_20261006_075824/stats.txt	2	interval_delta	2	after_qk_h	MHA_QK	0.047665	61943359	87251690	190667030	19393980	16899321	2494659	19393206	2225616	17249019	8737	2166720	304946	7517508	9304								38	4a90231e8762	perf(gemm): vectorize CB4 cache packing and avoid unused padding writes	444e9881887139fe30be0523c46371736ac459495a8b580f248cb9efb9df2977	USE_FP32_TRANSFORMER_FLAG=0 FULL_INTERLEAVED_PIPELINE_FLAG=1 SIMD_FLAG=1 RELOAD_WEIGHT_FLAG=1 USE_NOTEBOOK_GENERATED_WEIGHTS_FLAG=1 USE_CODEBOOK_GEMM_FLAG=1 ENABLE_CODEBOOK_REFERENCE_FLAG=0 ENABLE_DEBUG_PRINT_FLAG=0 PROFILE_GEMM_ONLY_FLAG=1 GEM5_PROFILE_REGIONS_FLAG=1 DENSE_NO_SIMD_BASELINE_FLAG=0 I2CE_USE_LIBM5_FLAG=1	-	1	48KiB	32KiB	1MiB
E07	cb4-hierarchical-cache-packing	BERT-mini	64	512	256	4	1024	Codebook SIMD int8	2	4	128	transformer_BERT_mini_int8_noTiling_2D_CB_4_SVE_128.o	run_20261006_075824	/home/hlin/i2ce/exp-cb4-cache-packing-revision/38/out_20261006_075824/stats.txt	3	interval_delta	3	after_softmax_h	MHA_softmax	0.010139	23118739	23123452	40553646	10493065	6295187	4197878	10497309	33505	8431729	675	34083	244	2102538	4579								38	4a90231e8762	perf(gemm): vectorize CB4 cache packing and avoid unused padding writes	444e9881887139fe30be0523c46371736ac459495a8b580f248cb9efb9df2977	USE_FP32_TRANSFORMER_FLAG=0 FULL_INTERLEAVED_PIPELINE_FLAG=1 SIMD_FLAG=1 RELOAD_WEIGHT_FLAG=1 USE_NOTEBOOK_GENERATED_WEIGHTS_FLAG=1 USE_CODEBOOK_GEMM_FLAG=1 ENABLE_CODEBOOK_REFERENCE_FLAG=0 ENABLE_DEBUG_PRINT_FLAG=0 PROFILE_GEMM_ONLY_FLAG=1 GEM5_PROFILE_REGIONS_FLAG=1 DENSE_NO_SIMD_BASELINE_FLAG=0 I2CE_USE_LIBM5_FLAG=1	-	1	48KiB	32KiB	1MiB
E07	cb4-hierarchical-cache-packing	BERT-mini	64	512	256	4	1024	Codebook SIMD int8	2	4	128	transformer_BERT_mini_int8_noTiling_2D_CB_4_SVE_128.o	run_20261006_075824	/home/hlin/i2ce/exp-cb4-cache-packing-revision/38/out_20261006_075824/stats.txt	4	interval_delta	4	after_sv_h	MHA_SV	0.029070	46840123	72061446	116275616	18242184	17361909	880275	18243968	4006892	19369071	3167	2292907	9256	4923017	140076								38	4a90231e8762	perf(gemm): vectorize CB4 cache packing and avoid unused padding writes	444e9881887139fe30be0523c46371736ac459495a8b580f248cb9efb9df2977	USE_FP32_TRANSFORMER_FLAG=0 FULL_INTERLEAVED_PIPELINE_FLAG=1 SIMD_FLAG=1 RELOAD_WEIGHT_FLAG=1 USE_NOTEBOOK_GENERATED_WEIGHTS_FLAG=1 USE_CODEBOOK_GEMM_FLAG=1 ENABLE_CODEBOOK_REFERENCE_FLAG=0 ENABLE_DEBUG_PRINT_FLAG=0 PROFILE_GEMM_ONLY_FLAG=1 GEM5_PROFILE_REGIONS_FLAG=1 DENSE_NO_SIMD_BASELINE_FLAG=0 I2CE_USE_LIBM5_FLAG=1	-	1	48KiB	32KiB	1MiB
E07	cb4-hierarchical-cache-packing	BERT-mini	64	512	256	4	1024	Codebook SIMD int8	2	4	128	transformer_BERT_mini_int8_noTiling_2D_CB_4_SVE_128.o	run_20261006_075824	/home/hlin/i2ce/exp-cb4-cache-packing-revision/38/out_20261006_075824/stats.txt	5	interval_delta	5	after_mha	MHA_out	0.000001	875	1065	6031	365	170	195	367	32	456	16	43	17	195	33								38	4a90231e8762	perf(gemm): vectorize CB4 cache packing and avoid unused padding writes	444e9881887139fe30be0523c46371736ac459495a8b580f248cb9efb9df2977	USE_FP32_TRANSFORMER_FLAG=0 FULL_INTERLEAVED_PIPELINE_FLAG=1 SIMD_FLAG=1 RELOAD_WEIGHT_FLAG=1 USE_NOTEBOOK_GENERATED_WEIGHTS_FLAG=1 USE_CODEBOOK_GEMM_FLAG=1 ENABLE_CODEBOOK_REFERENCE_FLAG=0 ENABLE_DEBUG_PRINT_FLAG=0 PROFILE_GEMM_ONLY_FLAG=1 GEM5_PROFILE_REGIONS_FLAG=1 DENSE_NO_SIMD_BASELINE_FLAG=0 I2CE_USE_LIBM5_FLAG=1	-	1	48KiB	32KiB	1MiB
E07	cb4-hierarchical-cache-packing	BERT-mini	64	512	256	4	1024	Codebook SIMD int8	2	4	128	transformer_BERT_mini_int8_noTiling_2D_CB_4_SVE_128.o	run_20261006_075824	/home/hlin/i2ce/exp-cb4-cache-packing-revision/38/out_20261006_075824/stats.txt	6	interval_delta	6	after_projection	Projection	0.009974	30146682	30357296	39895758	10956884	9464901	1491983	10962164	57758	9057336	3362	52846	21106	3443739	22018								38	4a90231e8762	perf(gemm): vectorize CB4 cache packing and avoid unused padding writes	444e9881887139fe30be0523c46371736ac459495a8b580f248cb9efb9df2977	USE_FP32_TRANSFORMER_FLAG=0 FULL_INTERLEAVED_PIPELINE_FLAG=1 SIMD_FLAG=1 RELOAD_WEIGHT_FLAG=1 USE_NOTEBOOK_GENERATED_WEIGHTS_FLAG=1 USE_CODEBOOK_GEMM_FLAG=1 ENABLE_CODEBOOK_REFERENCE_FLAG=0 ENABLE_DEBUG_PRINT_FLAG=0 PROFILE_GEMM_ONLY_FLAG=1 GEM5_PROFILE_REGIONS_FLAG=1 DENSE_NO_SIMD_BASELINE_FLAG=0 I2CE_USE_LIBM5_FLAG=1	-	1	48KiB	32KiB	1MiB
E07	cb4-hierarchical-cache-packing	BERT-mini	64	512	256	4	1024	Codebook SIMD int8	2	4	128	transformer_BERT_mini_int8_noTiling_2D_CB_4_SVE_128.o	run_20261006_075824	/home/hlin/i2ce/exp-cb4-cache-packing-revision/38/out_20261006_075824/stats.txt	7	interval_delta	7	after_attn_addnorm	non_GEMM_after_projection	0.001893	5926442	5927898	7570346	1839029	1313350	525679	1839593	8397	1460103	482	8848	4197	398134	1883								38	4a90231e8762	perf(gemm): vectorize CB4 cache packing and avoid unused padding writes	444e9881887139fe30be0523c46371736ac459495a8b580f248cb9efb9df2977	USE_FP32_TRANSFORMER_FLAG=0 FULL_INTERLEAVED_PIPELINE_FLAG=1 SIMD_FLAG=1 RELOAD_WEIGHT_FLAG=1 USE_NOTEBOOK_GENERATED_WEIGHTS_FLAG=1 USE_CODEBOOK_GEMM_FLAG=1 ENABLE_CODEBOOK_REFERENCE_FLAG=0 ENABLE_DEBUG_PRINT_FLAG=0 PROFILE_GEMM_ONLY_FLAG=1 GEM5_PROFILE_REGIONS_FLAG=1 DENSE_NO_SIMD_BASELINE_FLAG=0 I2CE_USE_LIBM5_FLAG=1	-	1	48KiB	32KiB	1MiB
E07	cb4-hierarchical-cache-packing	BERT-mini	64	512	256	4	1024	Codebook SIMD int8	2	4	128	transformer_BERT_mini_int8_noTiling_2D_CB_4_SVE_128.o	run_20261006_075824	/home/hlin/i2ce/exp-cb4-cache-packing-revision/38/out_20261006_075824/stats.txt	8	interval_delta	8	after_ff1	FF1	0.041319	121113847	122054810	165277693	44007148	37939442	6067706	44023802	242884	36444454	5851	198236	107237	13868962	84152								38	4a90231e8762	perf(gemm): vectorize CB4 cache packing and avoid unused padding writes	444e9881887139fe30be0523c46371736ac459495a8b580f248cb9efb9df2977	USE_FP32_TRANSFORMER_FLAG=0 FULL_INTERLEAVED_PIPELINE_FLAG=1 SIMD_FLAG=1 RELOAD_WEIGHT_FLAG=1 USE_NOTEBOOK_GENERATED_WEIGHTS_FLAG=1 USE_CODEBOOK_GEMM_FLAG=1 ENABLE_CODEBOOK_REFERENCE_FLAG=0 ENABLE_DEBUG_PRINT_FLAG=0 PROFILE_GEMM_ONLY_FLAG=1 GEM5_PROFILE_REGIONS_FLAG=1 DENSE_NO_SIMD_BASELINE_FLAG=0 I2CE_USE_LIBM5_FLAG=1	-	1	48KiB	32KiB	1MiB
E07	cb4-hierarchical-cache-packing	BERT-mini	64	512	256	4	1024	Codebook SIMD int8	2	4	128	transformer_BERT_mini_int8_noTiling_2D_CB_4_SVE_128.o	run_20261006_075824	/home/hlin/i2ce/exp-cb4-cache-packing-revision/38/out_20261006_075824/stats.txt	9	interval_delta	9	after_ff2	FF2	0.039088	113279084	114079267	156351640	41270039	37022338	4247701	41276460	339156	31915594	1634	332354	111340	12097220	51388								38	4a90231e8762	perf(gemm): vectorize CB4 cache packing and avoid unused padding writes	444e9881887139fe30be0523c46371736ac459495a8b580f248cb9efb9df2977	USE_FP32_TRANSFORMER_FLAG=0 FULL_INTERLEAVED_PIPELINE_FLAG=1 SIMD_FLAG=1 RELOAD_WEIGHT_FLAG=1 USE_NOTEBOOK_GENERATED_WEIGHTS_FLAG=1 USE_CODEBOOK_GEMM_FLAG=1 ENABLE_CODEBOOK_REFERENCE_FLAG=0 ENABLE_DEBUG_PRINT_FLAG=0 PROFILE_GEMM_ONLY_FLAG=1 GEM5_PROFILE_REGIONS_FLAG=1 DENSE_NO_SIMD_BASELINE_FLAG=0 I2CE_USE_LIBM5_FLAG=1	-	1	48KiB	32KiB	1MiB
E07	cb4-hierarchical-cache-packing	BERT-mini	64	512	256	4	1024	Codebook SIMD int8	2	4	128	transformer_BERT_mini_int8_noTiling_2D_CB_4_SVE_128.o	run_20261006_075824	/home/hlin/i2ce/exp-cb4-cache-packing-revision/38/out_20261006_075824/stats.txt	10	interval_delta	10	final_total	non_GEMM_after_ff2	0.003020	8973934	8976700	12078076	2709406	1871469	837937	2709981	41445	2323784	696	33951	10267	687875	3018								38	4a90231e8762	perf(gemm): vectorize CB4 cache packing and avoid unused padding writes	444e9881887139fe30be0523c46371736ac459495a8b580f248cb9efb9df2977	USE_FP32_TRANSFORMER_FLAG=0 FULL_INTERLEAVED_PIPELINE_FLAG=1 SIMD_FLAG=1 RELOAD_WEIGHT_FLAG=1 USE_NOTEBOOK_GENERATED_WEIGHTS_FLAG=1 USE_CODEBOOK_GEMM_FLAG=1 ENABLE_CODEBOOK_REFERENCE_FLAG=0 ENABLE_DEBUG_PRINT_FLAG=0 PROFILE_GEMM_ONLY_FLAG=1 GEM5_PROFILE_REGIONS_FLAG=1 DENSE_NO_SIMD_BASELINE_FLAG=0 I2CE_USE_LIBM5_FLAG=1	-	1	48KiB	32KiB	1MiB
E07	cb4-hierarchical-cache-packing	BERT-mini	64	512	256	4	1024	Codebook SIMD int8	2	4	128	transformer_BERT_mini_int8_noTiling_2D_CB_4_SVE_128.o	run_20261006_075824	/home/hlin/i2ce/exp-cb4-cache-packing-revision/38/out_20261006_075824/stats.txt	11	final_total	10	final_total	total_program	0.214704	504590500	557838412	858815036	182909986	157198422	25711564	182959416	7203484	154293451	43803	5337885	661097	55645752	389784	0.587543	1.702004	0.039372032101	0.000283894097	0.123849989275	0.007004739553	0.885352	38	4a90231e8762	perf(gemm): vectorize CB4 cache packing and avoid unused padding writes	444e9881887139fe30be0523c46371736ac459495a8b580f248cb9efb9df2977	USE_FP32_TRANSFORMER_FLAG=0 FULL_INTERLEAVED_PIPELINE_FLAG=1 SIMD_FLAG=1 RELOAD_WEIGHT_FLAG=1 USE_NOTEBOOK_GENERATED_WEIGHTS_FLAG=1 USE_CODEBOOK_GEMM_FLAG=1 ENABLE_CODEBOOK_REFERENCE_FLAG=0 ENABLE_DEBUG_PRINT_FLAG=0 PROFILE_GEMM_ONLY_FLAG=1 GEM5_PROFILE_REGIONS_FLAG=1 DENSE_NO_SIMD_BASELINE_FLAG=0 I2CE_USE_LIBM5_FLAG=1	-	1	48KiB	32KiB	1MiB
E08	cb4-hierarchical-cache-packing	BERT-mini	64	512	256	4	1024	Codebook SIMD int8	2	4	128	transformer_BERT_mini_int8_noTiling_2D_CB_4_SVE_128.o	run_20261006_075826	/home/hlin/i2ce/exp-cb4-cache-packing-revision/38/out_20261006_075826/stats.txt	1	interval_delta	1	after_qkv_h	MHA_QKV	0.059940	138792353	139341909	239759593	29521840	24539697	4982143	29532025	628273	35135403	22019	550789	65133	11137436	71625								38	0f1184b6a44d	perf(gemm): vectorize CB4 cache packing and avoid unused padding writes	b23e9d974650cf576bc55c757b36f3f78c5305a94ba75860e45edb92d03d4316	USE_FP32_TRANSFORMER_FLAG=0 FULL_INTERLEAVED_PIPELINE_FLAG=1 SIMD_FLAG=1 RELOAD_WEIGHT_FLAG=1 USE_NOTEBOOK_GENERATED_WEIGHTS_FLAG=1 USE_CODEBOOK_GEMM_FLAG=1 ENABLE_CODEBOOK_REFERENCE_FLAG=0 ENABLE_DEBUG_PRINT_FLAG=0 PROFILE_GEMM_ONLY_FLAG=1 GEM5_PROFILE_REGIONS_FLAG=1 DENSE_NO_SIMD_BASELINE_FLAG=0 I2CE_USE_LIBM5_FLAG=1	-	1	48KiB	32KiB	1MiB
E08	cb4-hierarchical-cache-packing	BERT-mini	64	512	256	4	1024	Codebook SIMD int8	2	4	128	transformer_BERT_mini_int8_noTiling_2D_CB_4_SVE_128.o	run_20261006_075826	/home/hlin/i2ce/exp-cb4-cache-packing-revision/38/out_20261006_075826/stats.txt	2	interval_delta	2	after_qk_h	MHA_QK	0.045474	61817945	87103074	181896620	19351692	16880109	2471583	19351565	2230116	15098525	8915	2170887	264230	7493898	9197								38	0f1184b6a44d	perf(gemm): vectorize CB4 cache packing and avoid unused padding writes	b23e9d974650cf576bc55c757b36f3f78c5305a94ba75860e45edb92d03d4316	USE_FP32_TRANSFORMER_FLAG=0 FULL_INTERLEAVED_PIPELINE_FLAG=1 SIMD_FLAG=1 RELOAD_WEIGHT_FLAG=1 USE_NOTEBOOK_GENERATED_WEIGHTS_FLAG=1 USE_CODEBOOK_GEMM_FLAG=1 ENABLE_CODEBOOK_REFERENCE_FLAG=0 ENABLE_DEBUG_PRINT_FLAG=0 PROFILE_GEMM_ONLY_FLAG=1 GEM5_PROFILE_REGIONS_FLAG=1 DENSE_NO_SIMD_BASELINE_FLAG=0 I2CE_USE_LIBM5_FLAG=1	-	1	48KiB	32KiB	1MiB
E08	cb4-hierarchical-cache-packing	BERT-mini	64	512	256	4	1024	Codebook SIMD int8	2	4	128	transformer_BERT_mini_int8_noTiling_2D_CB_4_SVE_128.o	run_20261006_075826	/home/hlin/i2ce/exp-cb4-cache-packing-revision/38/out_20261006_075826/stats.txt	3	interval_delta	3	after_softmax_h	MHA_softmax	0.010147	23122926	23128734	40586587	10494752	6296088	4198664	10499010	33692	8433863	826	34418	335	2103303	4667								38	0f1184b6a44d	perf(gemm): vectorize CB4 cache packing and avoid unused padding writes	b23e9d974650cf576bc55c757b36f3f78c5305a94ba75860e45edb92d03d4316	USE_FP32_TRANSFORMER_FLAG=0 FULL_INTERLEAVED_PIPELINE_FLAG=1 SIMD_FLAG=1 RELOAD_WEIGHT_FLAG=1 USE_NOTEBOOK_GENERATED_WEIGHTS_FLAG=1 USE_CODEBOOK_GEMM_FLAG=1 ENABLE_CODEBOOK_REFERENCE_FLAG=0 ENABLE_DEBUG_PRINT_FLAG=0 PROFILE_GEMM_ONLY_FLAG=1 GEM5_PROFILE_REGIONS_FLAG=1 DENSE_NO_SIMD_BASELINE_FLAG=0 I2CE_USE_LIBM5_FLAG=1	-	1	48KiB	32KiB	1MiB
E08	cb4-hierarchical-cache-packing	BERT-mini	64	512	256	4	1024	Codebook SIMD int8	2	4	128	transformer_BERT_mini_int8_noTiling_2D_CB_4_SVE_128.o	run_20261006_075826	/home/hlin/i2ce/exp-cb4-cache-packing-revision/38/out_20261006_075826/stats.txt	4	interval_delta	4	after_sv_h	MHA_SV	0.028828	46812337	72027894	115314197	18232323	17357400	874923	18234285	3920081	15292550	3095	2211262	9593	4918105	140028								38	0f1184b6a44d	perf(gemm): vectorize CB4 cache packing and avoid unused padding writes	b23e9d974650cf576bc55c757b36f3f78c5305a94ba75860e45edb92d03d4316	USE_FP32_TRANSFORMER_FLAG=0 FULL_INTERLEAVED_PIPELINE_FLAG=1 SIMD_FLAG=1 RELOAD_WEIGHT_FLAG=1 USE_NOTEBOOK_GENERATED_WEIGHTS_FLAG=1 USE_CODEBOOK_GEMM_FLAG=1 ENABLE_CODEBOOK_REFERENCE_FLAG=0 ENABLE_DEBUG_PRINT_FLAG=0 PROFILE_GEMM_ONLY_FLAG=1 GEM5_PROFILE_REGIONS_FLAG=1 DENSE_NO_SIMD_BASELINE_FLAG=0 I2CE_USE_LIBM5_FLAG=1	-	1	48KiB	32KiB	1MiB
E08	cb4-hierarchical-cache-packing	BERT-mini	64	512	256	4	1024	Codebook SIMD int8	2	4	128	transformer_BERT_mini_int8_noTiling_2D_CB_4_SVE_128.o	run_20261006_075826	/home/hlin/i2ce/exp-cb4-cache-packing-revision/38/out_20261006_075826/stats.txt	5	interval_delta	5	after_mha	MHA_out	0.000002	876	1066	5715	365	170	195	369	33	510	14	42	18	196	34								38	0f1184b6a44d	perf(gemm): vectorize CB4 cache packing and avoid unused padding writes	b23e9d974650cf576bc55c757b36f3f78c5305a94ba75860e45edb92d03d4316	USE_FP32_TRANSFORMER_FLAG=0 FULL_INTERLEAVED_PIPELINE_FLAG=1 SIMD_FLAG=1 RELOAD_WEIGHT_FLAG=1 USE_NOTEBOOK_GENERATED_WEIGHTS_FLAG=1 USE_CODEBOOK_GEMM_FLAG=1 ENABLE_CODEBOOK_REFERENCE_FLAG=0 ENABLE_DEBUG_PRINT_FLAG=0 PROFILE_GEMM_ONLY_FLAG=1 GEM5_PROFILE_REGIONS_FLAG=1 DENSE_NO_SIMD_BASELINE_FLAG=0 I2CE_USE_LIBM5_FLAG=1	-	1	48KiB	32KiB	1MiB
E08	cb4-hierarchical-cache-packing	BERT-mini	64	512	256	4	1024	Codebook SIMD int8	2	4	128	transformer_BERT_mini_int8_noTiling_2D_CB_4_SVE_128.o	run_20261006_075826	/home/hlin/i2ce/exp-cb4-cache-packing-revision/38/out_20261006_075826/stats.txt	6	interval_delta	6	after_projection	Projection	0.018788	44987059	45051028	75151789	9306733	7873195	1433538	9309543	167315	11290343	3644	148888	9398	3572799	17767								38	0f1184b6a44d	perf(gemm): vectorize CB4 cache packing and avoid unused padding writes	b23e9d974650cf576bc55c757b36f3f78c5305a94ba75860e45edb92d03d4316	USE_FP32_TRANSFORMER_FLAG=0 FULL_INTERLEAVED_PIPELINE_FLAG=1 SIMD_FLAG=1 RELOAD_WEIGHT_FLAG=1 USE_NOTEBOOK_GENERATED_WEIGHTS_FLAG=1 USE_CODEBOOK_GEMM_FLAG=1 ENABLE_CODEBOOK_REFERENCE_FLAG=0 ENABLE_DEBUG_PRINT_FLAG=0 PROFILE_GEMM_ONLY_FLAG=1 GEM5_PROFILE_REGIONS_FLAG=1 DENSE_NO_SIMD_BASELINE_FLAG=0 I2CE_USE_LIBM5_FLAG=1	-	1	48KiB	32KiB	1MiB
E08	cb4-hierarchical-cache-packing	BERT-mini	64	512	256	4	1024	Codebook SIMD int8	2	4	128	transformer_BERT_mini_int8_noTiling_2D_CB_4_SVE_128.o	run_20261006_075826	/home/hlin/i2ce/exp-cb4-cache-packing-revision/38/out_20261006_075826/stats.txt	7	interval_delta	7	after_attn_addnorm	non_GEMM_after_projection	0.001898	5930636	5933187	7593703	1840719	1314252	526467	1841337	8571	1462052	784	9306	4250	398886	2030								38	0f1184b6a44d	perf(gemm): vectorize CB4 cache packing and avoid unused padding writes	b23e9d974650cf576bc55c757b36f3f78c5305a94ba75860e45edb92d03d4316	USE_FP32_TRANSFORMER_FLAG=0 FULL_INTERLEAVED_PIPELINE_FLAG=1 SIMD_FLAG=1 RELOAD_WEIGHT_FLAG=1 USE_NOTEBOOK_GENERATED_WEIGHTS_FLAG=1 USE_CODEBOOK_GEMM_FLAG=1 ENABLE_CODEBOOK_REFERENCE_FLAG=0 ENABLE_DEBUG_PRINT_FLAG=0 PROFILE_GEMM_ONLY_FLAG=1 GEM5_PROFILE_REGIONS_FLAG=1 DENSE_NO_SIMD_BASELINE_FLAG=0 I2CE_USE_LIBM5_FLAG=1	-	1	48KiB	32KiB	1MiB
E08	cb4-hierarchical-cache-packing	BERT-mini	64	512	256	4	1024	Codebook SIMD int8	2	4	128	transformer_BERT_mini_int8_noTiling_2D_CB_4_SVE_128.o	run_20261006_075826	/home/hlin/i2ce/exp-cb4-cache-packing-revision/38/out_20261006_075826/stats.txt	8	interval_delta	8	after_ff1	FF1	0.076628	180493028	180853141	306510280	37413663	31576635	5837028	37423723	672121	45383253	7315	576357	60740	14388402	66616								38	0f1184b6a44d	perf(gemm): vectorize CB4 cache packing and avoid unused padding writes	b23e9d974650cf576bc55c757b36f3f78c5305a94ba75860e45edb92d03d4316	USE_FP32_TRANSFORMER_FLAG=0 FULL_INTERLEAVED_PIPELINE_FLAG=1 SIMD_FLAG=1 RELOAD_WEIGHT_FLAG=1 USE_NOTEBOOK_GENERATED_WEIGHTS_FLAG=1 USE_CODEBOOK_GEMM_FLAG=1 ENABLE_CODEBOOK_REFERENCE_FLAG=0 ENABLE_DEBUG_PRINT_FLAG=0 PROFILE_GEMM_ONLY_FLAG=1 GEM5_PROFILE_REGIONS_FLAG=1 DENSE_NO_SIMD_BASELINE_FLAG=0 I2CE_USE_LIBM5_FLAG=1	-	1	48KiB	32KiB	1MiB
E08	cb4-hierarchical-cache-packing	BERT-mini	64	512	256	4	1024	Codebook SIMD int8	2	4	128	transformer_BERT_mini_int8_noTiling_2D_CB_4_SVE_128.o	run_20261006_075826	/home/hlin/i2ce/exp-cb4-cache-packing-revision/38/out_20261006_075826/stats.txt	9	interval_delta	9	after_ff2	FF2	0.070959	169790908	170015549	283835556	32973915	29214954	3758961	32979293	461341	39762640	2947	402453	32142	12322664	51755								38	0f1184b6a44d	perf(gemm): vectorize CB4 cache packing and avoid unused padding writes	b23e9d974650cf576bc55c757b36f3f78c5305a94ba75860e45edb92d03d4316	USE_FP32_TRANSFORMER_FLAG=0 FULL_INTERLEAVED_PIPELINE_FLAG=1 SIMD_FLAG=1 RELOAD_WEIGHT_FLAG=1 USE_NOTEBOOK_GENERATED_WEIGHTS_FLAG=1 USE_CODEBOOK_GEMM_FLAG=1 ENABLE_CODEBOOK_REFERENCE_FLAG=0 ENABLE_DEBUG_PRINT_FLAG=0 PROFILE_GEMM_ONLY_FLAG=1 GEM5_PROFILE_REGIONS_FLAG=1 DENSE_NO_SIMD_BASELINE_FLAG=0 I2CE_USE_LIBM5_FLAG=1	-	1	48KiB	32KiB	1MiB
E08	cb4-hierarchical-cache-packing	BERT-mini	64	512	256	4	1024	Codebook SIMD int8	2	4	128	transformer_BERT_mini_int8_noTiling_2D_CB_4_SVE_128.o	run_20261006_075826	/home/hlin/i2ce/exp-cb4-cache-packing-revision/38/out_20261006_075826/stats.txt	10	interval_delta	10	final_total	non_GEMM_after_ff2	0.002946	8969510	8971162	11784700	2707627	1870520	837107	2708159	41440	2321704	516	33769	8668	687064	2891								38	0f1184b6a44d	perf(gemm): vectorize CB4 cache packing and avoid unused padding writes	b23e9d974650cf576bc55c757b36f3f78c5305a94ba75860e45edb92d03d4316	USE_FP32_TRANSFORMER_FLAG=0 FULL_INTERLEAVED_PIPELINE_FLAG=1 SIMD_FLAG=1 RELOAD_WEIGHT_FLAG=1 USE_NOTEBOOK_GENERATED_WEIGHTS_FLAG=1 USE_CODEBOOK_GEMM_FLAG=1 ENABLE_CODEBOOK_REFERENCE_FLAG=0 ENABLE_DEBUG_PRINT_FLAG=0 PROFILE_GEMM_ONLY_FLAG=1 GEM5_PROFILE_REGIONS_FLAG=1 DENSE_NO_SIMD_BASELINE_FLAG=0 I2CE_USE_LIBM5_FLAG=1	-	1	48KiB	32KiB	1MiB
E08	cb4-hierarchical-cache-packing	BERT-mini	64	512	256	4	1024	Codebook SIMD int8	2	4	128	transformer_BERT_mini_int8_noTiling_2D_CB_4_SVE_128.o	run_20261006_075826	/home/hlin/i2ce/exp-cb4-cache-packing-revision/38/out_20261006_075826/stats.txt	11	final_total	10	final_total	total_program	0.315610	680717578	732426744	1262438740	161843629	136923020	24920609	161879309	8162983	174180843	50075	6138171	454507	57022753	366610	0.539208	1.854571	0.050426351894	0.000287488562	0.074045998393	0.006429188012	0.882557	38	0f1184b6a44d	perf(gemm): vectorize CB4 cache packing and avoid unused padding writes	b23e9d974650cf576bc55c757b36f3f78c5305a94ba75860e45edb92d03d4316	USE_FP32_TRANSFORMER_FLAG=0 FULL_INTERLEAVED_PIPELINE_FLAG=1 SIMD_FLAG=1 RELOAD_WEIGHT_FLAG=1 USE_NOTEBOOK_GENERATED_WEIGHTS_FLAG=1 USE_CODEBOOK_GEMM_FLAG=1 ENABLE_CODEBOOK_REFERENCE_FLAG=0 ENABLE_DEBUG_PRINT_FLAG=0 PROFILE_GEMM_ONLY_FLAG=1 GEM5_PROFILE_REGIONS_FLAG=1 DENSE_NO_SIMD_BASELINE_FLAG=0 I2CE_USE_LIBM5_FLAG=1	-	1	48KiB	32KiB	1MiB
E09	cb4-hierarchical-cache-packing	BERT-mini	64	512	256	4	1024	Codebook SIMD int8	2	4	128	transformer_BERT_mini_int8_noTiling_2D_CB_4_SVE_128.o	run_20261006_075829	/home/hlin/i2ce/exp-cb4-cache-packing-revision/38/out_20261006_075829/stats.txt	1	interval_delta	1	after_qkv_h	MHA_QKV	0.033746	98996640	99689694	134985186	36778116	30889002	5889114	36783821	1352572	37965526	26006	1125158	61682	12210549	80312								38	fbc2d5fb6d94	perf(gemm): vectorize CB4 cache packing and avoid unused padding writes	1094719b8e9b1c94b097752f374416f3db8839360cd83fac4bdb812b0e8881ae	USE_FP32_TRANSFORMER_FLAG=0 FULL_INTERLEAVED_PIPELINE_FLAG=1 SIMD_FLAG=1 RELOAD_WEIGHT_FLAG=1 USE_NOTEBOOK_GENERATED_WEIGHTS_FLAG=1 USE_CODEBOOK_GEMM_FLAG=1 ENABLE_CODEBOOK_REFERENCE_FLAG=0 ENABLE_DEBUG_PRINT_FLAG=0 PROFILE_GEMM_ONLY_FLAG=1 GEM5_PROFILE_REGIONS_FLAG=1 DENSE_NO_SIMD_BASELINE_FLAG=0 I2CE_USE_LIBM5_FLAG=1	-	1	48KiB	32KiB	1MiB
E09	cb4-hierarchical-cache-packing	BERT-mini	64	512	256	4	1024	Codebook SIMD int8	2	4	128	transformer_BERT_mini_int8_noTiling_2D_CB_4_SVE_128.o	run_20261006_075829	/home/hlin/i2ce/exp-cb4-cache-packing-revision/38/out_20261006_075829/stats.txt	2	interval_delta	2	after_qk_h	MHA_QK	0.031603	61715367	86981341	126415569	19315522	16862530	2452992	19315152	2231780	17150065	6558	2169877	7893	7474220	7360								38	fbc2d5fb6d94	perf(gemm): vectorize CB4 cache packing and avoid unused padding writes	1094719b8e9b1c94b097752f374416f3db8839360cd83fac4bdb812b0e8881ae	USE_FP32_TRANSFORMER_FLAG=0 FULL_INTERLEAVED_PIPELINE_FLAG=1 SIMD_FLAG=1 RELOAD_WEIGHT_FLAG=1 USE_NOTEBOOK_GENERATED_WEIGHTS_FLAG=1 USE_CODEBOOK_GEMM_FLAG=1 ENABLE_CODEBOOK_REFERENCE_FLAG=0 ENABLE_DEBUG_PRINT_FLAG=0 PROFILE_GEMM_ONLY_FLAG=1 GEM5_PROFILE_REGIONS_FLAG=1 DENSE_NO_SIMD_BASELINE_FLAG=0 I2CE_USE_LIBM5_FLAG=1	-	1	48KiB	32KiB	1MiB
E09	cb4-hierarchical-cache-packing	BERT-mini	64	512	256	4	1024	Codebook SIMD int8	2	4	128	transformer_BERT_mini_int8_noTiling_2D_CB_4_SVE_128.o	run_20261006_075829	/home/hlin/i2ce/exp-cb4-cache-packing-revision/38/out_20261006_075829/stats.txt	3	interval_delta	3	after_softmax_h	MHA_softmax	0.010170	23130687	23137626	40681322	10497056	6297294	4199762	10501536	33721	8437917	1401	35087	697	2105078	5272								38	fbc2d5fb6d94	perf(gemm): vectorize CB4 cache packing and avoid unused padding writes	1094719b8e9b1c94b097752f374416f3db8839360cd83fac4bdb812b0e8881ae	USE_FP32_TRANSFORMER_FLAG=0 FULL_INTERLEAVED_PIPELINE_FLAG=1 SIMD_FLAG=1 RELOAD_WEIGHT_FLAG=1 USE_NOTEBOOK_GENERATED_WEIGHTS_FLAG=1 USE_CODEBOOK_GEMM_FLAG=1 ENABLE_CODEBOOK_REFERENCE_FLAG=0 ENABLE_DEBUG_PRINT_FLAG=0 PROFILE_GEMM_ONLY_FLAG=1 GEM5_PROFILE_REGIONS_FLAG=1 DENSE_NO_SIMD_BASELINE_FLAG=0 I2CE_USE_LIBM5_FLAG=1	-	1	48KiB	32KiB	1MiB
E09	cb4-hierarchical-cache-packing	BERT-mini	64	512	256	4	1024	Codebook SIMD int8	2	4	128	transformer_BERT_mini_int8_noTiling_2D_CB_4_SVE_128.o	run_20261006_075829	/home/hlin/i2ce/exp-cb4-cache-packing-revision/38/out_20261006_075829/stats.txt	4	interval_delta	4	after_sv_h	MHA_SV	0.028592	47348397	72690820	114361477	18429408	17455525	973883	18429400	4103442	19548859	7112	2082488	9173	5002964	143844								38	fbc2d5fb6d94	perf(gemm): vectorize CB4 cache packing and avoid unused padding writes	1094719b8e9b1c94b097752f374416f3db8839360cd83fac4bdb812b0e8881ae	USE_FP32_TRANSFORMER_FLAG=0 FULL_INTERLEAVED_PIPELINE_FLAG=1 SIMD_FLAG=1 RELOAD_WEIGHT_FLAG=1 USE_NOTEBOOK_GENERATED_WEIGHTS_FLAG=1 USE_CODEBOOK_GEMM_FLAG=1 ENABLE_CODEBOOK_REFERENCE_FLAG=0 ENABLE_DEBUG_PRINT_FLAG=0 PROFILE_GEMM_ONLY_FLAG=1 GEM5_PROFILE_REGIONS_FLAG=1 DENSE_NO_SIMD_BASELINE_FLAG=0 I2CE_USE_LIBM5_FLAG=1	-	1	48KiB	32KiB	1MiB
E09	cb4-hierarchical-cache-packing	BERT-mini	64	512	256	4	1024	Codebook SIMD int8	2	4	128	transformer_BERT_mini_int8_noTiling_2D_CB_4_SVE_128.o	run_20261006_075829	/home/hlin/i2ce/exp-cb4-cache-packing-revision/38/out_20261006_075829/stats.txt	5	interval_delta	5	after_mha	MHA_out	0.000001	875	1065	6014	365	170	195	369	31	443	66	94	16	195	46								38	fbc2d5fb6d94	perf(gemm): vectorize CB4 cache packing and avoid unused padding writes	1094719b8e9b1c94b097752f374416f3db8839360cd83fac4bdb812b0e8881ae	USE_FP32_TRANSFORMER_FLAG=0 FULL_INTERLEAVED_PIPELINE_FLAG=1 SIMD_FLAG=1 RELOAD_WEIGHT_FLAG=1 USE_NOTEBOOK_GENERATED_WEIGHTS_FLAG=1 USE_CODEBOOK_GEMM_FLAG=1 ENABLE_CODEBOOK_REFERENCE_FLAG=0 ENABLE_DEBUG_PRINT_FLAG=0 PROFILE_GEMM_ONLY_FLAG=1 GEM5_PROFILE_REGIONS_FLAG=1 DENSE_NO_SIMD_BASELINE_FLAG=0 I2CE_USE_LIBM5_FLAG=1	-	1	48KiB	32KiB	1MiB
E09	cb4-hierarchical-cache-packing	BERT-mini	64	512	256	4	1024	Codebook SIMD int8	2	4	128	transformer_BERT_mini_int8_noTiling_2D_CB_4_SVE_128.o	run_20261006_075829	/home/hlin/i2ce/exp-cb4-cache-packing-revision/38/out_20261006_075829/stats.txt	6	interval_delta	6	after_projection	Projection	0.010571	31786990	31907198	42281026	11760007	10013636	1746371	11761466	586449	12233787	5407	487717	10424	3939631	20871								38	fbc2d5fb6d94	perf(gemm): vectorize CB4 cache packing and avoid unused padding writes	1094719b8e9b1c94b097752f374416f3db8839360cd83fac4bdb812b0e8881ae	USE_FP32_TRANSFORMER_FLAG=0 FULL_INTERLEAVED_PIPELINE_FLAG=1 SIMD_FLAG=1 RELOAD_WEIGHT_FLAG=1 USE_NOTEBOOK_GENERATED_WEIGHTS_FLAG=1 USE_CODEBOOK_GEMM_FLAG=1 ENABLE_CODEBOOK_REFERENCE_FLAG=0 ENABLE_DEBUG_PRINT_FLAG=0 PROFILE_GEMM_ONLY_FLAG=1 GEM5_PROFILE_REGIONS_FLAG=1 DENSE_NO_SIMD_BASELINE_FLAG=0 I2CE_USE_LIBM5_FLAG=1	-	1	48KiB	32KiB	1MiB
E09	cb4-hierarchical-cache-packing	BERT-mini	64	512	256	4	1024	Codebook SIMD int8	2	4	128	transformer_BERT_mini_int8_noTiling_2D_CB_4_SVE_128.o	run_20261006_075829	/home/hlin/i2ce/exp-cb4-cache-packing-revision/38/out_20261006_075829/stats.txt	7	interval_delta	7	after_attn_addnorm	non_GEMM_after_projection	0.001906	5932889	5935813	7625605	1841321	1314555	526766	1841976	8598	1463189	943	9502	4363	399357	2180								38	fbc2d5fb6d94	perf(gemm): vectorize CB4 cache packing and avoid unused padding writes	1094719b8e9b1c94b097752f374416f3db8839360cd83fac4bdb812b0e8881ae	USE_FP32_TRANSFORMER_FLAG=0 FULL_INTERLEAVED_PIPELINE_FLAG=1 SIMD_FLAG=1 RELOAD_WEIGHT_FLAG=1 USE_NOTEBOOK_GENERATED_WEIGHTS_FLAG=1 USE_CODEBOOK_GEMM_FLAG=1 ENABLE_CODEBOOK_REFERENCE_FLAG=0 ENABLE_DEBUG_PRINT_FLAG=0 PROFILE_GEMM_ONLY_FLAG=1 GEM5_PROFILE_REGIONS_FLAG=1 DENSE_NO_SIMD_BASELINE_FLAG=0 I2CE_USE_LIBM5_FLAG=1	-	1	48KiB	32KiB	1MiB
E09	cb4-hierarchical-cache-packing	BERT-mini	64	512	256	4	1024	Codebook SIMD int8	2	4	128	transformer_BERT_mini_int8_noTiling_2D_CB_4_SVE_128.o	run_20261006_075829	/home/hlin/i2ce/exp-cb4-cache-packing-revision/38/out_20261006_075829/stats.txt	8	interval_delta	8	after_ff1	FF1	0.042925	126457475	126807409	171699745	46803321	39940812	6862509	46807928	2342334	48623083	5935	1937479	60415	15620207	71591								38	fbc2d5fb6d94	perf(gemm): vectorize CB4 cache packing and avoid unused padding writes	1094719b8e9b1c94b097752f374416f3db8839360cd83fac4bdb812b0e8881ae	USE_FP32_TRANSFORMER_FLAG=0 FULL_INTERLEAVED_PIPELINE_FLAG=1 SIMD_FLAG=1 RELOAD_WEIGHT_FLAG=1 USE_NOTEBOOK_GENERATED_WEIGHTS_FLAG=1 USE_CODEBOOK_GEMM_FLAG=1 ENABLE_CODEBOOK_REFERENCE_FLAG=0 ENABLE_DEBUG_PRINT_FLAG=0 PROFILE_GEMM_ONLY_FLAG=1 GEM5_PROFILE_REGIONS_FLAG=1 DENSE_NO_SIMD_BASELINE_FLAG=0 I2CE_USE_LIBM5_FLAG=1	-	1	48KiB	32KiB	1MiB
E09	cb4-hierarchical-cache-packing	BERT-mini	64	512	256	4	1024	Codebook SIMD int8	2	4	128	transformer_BERT_mini_int8_noTiling_2D_CB_4_SVE_128.o	run_20261006_075829	/home/hlin/i2ce/exp-cb4-cache-packing-revision/38/out_20261006_075829/stats.txt	9	interval_delta	9	after_ff2	FF2	0.035690	116700348	116944748	142759031	43209224	38392082	4817142	43212319	1119140	42977617	2977	930137	35400	13582276	55778								38	fbc2d5fb6d94	perf(gemm): vectorize CB4 cache packing and avoid unused padding writes	1094719b8e9b1c94b097752f374416f3db8839360cd83fac4bdb812b0e8881ae	USE_FP32_TRANSFORMER_FLAG=0 FULL_INTERLEAVED_PIPELINE_FLAG=1 SIMD_FLAG=1 RELOAD_WEIGHT_FLAG=1 USE_NOTEBOOK_GENERATED_WEIGHTS_FLAG=1 USE_CODEBOOK_GEMM_FLAG=1 ENABLE_CODEBOOK_REFERENCE_FLAG=0 ENABLE_DEBUG_PRINT_FLAG=0 PROFILE_GEMM_ONLY_FLAG=1 GEM5_PROFILE_REGIONS_FLAG=1 DENSE_NO_SIMD_BASELINE_FLAG=0 I2CE_USE_LIBM5_FLAG=1	-	1	48KiB	32KiB	1MiB
E09	cb4-hierarchical-cache-packing	BERT-mini	64	512	256	4	1024	Codebook SIMD int8	2	4	128	transformer_BERT_mini_int8_noTiling_2D_CB_4_SVE_128.o	run_20261006_075829	/home/hlin/i2ce/exp-cb4-cache-packing-revision/38/out_20261006_075829/stats.txt	10	interval_delta	10	final_total	non_GEMM_after_ff2	0.002955	8973704	8976451	11822689	2709317	1871422	837895	2709908	41522	2323634	814	34143	8731	687821	3044								38	fbc2d5fb6d94	perf(gemm): vectorize CB4 cache packing and avoid unused padding writes	1094719b8e9b1c94b097752f374416f3db8839360cd83fac4bdb812b0e8881ae	USE_FP32_TRANSFORMER_FLAG=0 FULL_INTERLEAVED_PIPELINE_FLAG=1 SIMD_FLAG=1 RELOAD_WEIGHT_FLAG=1 USE_NOTEBOOK_GENERATED_WEIGHTS_FLAG=1 USE_CODEBOOK_GEMM_FLAG=1 ENABLE_CODEBOOK_REFERENCE_FLAG=0 ENABLE_DEBUG_PRINT_FLAG=0 PROFILE_GEMM_ONLY_FLAG=1 GEM5_PROFILE_REGIONS_FLAG=1 DENSE_NO_SIMD_BASELINE_FLAG=0 I2CE_USE_LIBM5_FLAG=1	-	1	48KiB	32KiB	1MiB
E09	cb4-hierarchical-cache-packing	BERT-mini	64	512	256	4	1024	Codebook SIMD int8	2	4	128	transformer_BERT_mini_int8_noTiling_2D_CB_4_SVE_128.o	run_20261006_075829	/home/hlin/i2ce/exp-cb4-cache-packing-revision/38/out_20261006_075829/stats.txt	11	final_total	10	final_total	total_program	0.198159	521043372	573072165	792637664	191343657	163037028	28306629	191363875	11819589	190724120	57219	8811682	198794	61022298	390298	0.657354	1.521251	0.061764996136	0.000300009249	0.022560278503	0.006395989872	0.884743	38	fbc2d5fb6d94	perf(gemm): vectorize CB4 cache packing and avoid unused padding writes	1094719b8e9b1c94b097752f374416f3db8839360cd83fac4bdb812b0e8881ae	USE_FP32_TRANSFORMER_FLAG=0 FULL_INTERLEAVED_PIPELINE_FLAG=1 SIMD_FLAG=1 RELOAD_WEIGHT_FLAG=1 USE_NOTEBOOK_GENERATED_WEIGHTS_FLAG=1 USE_CODEBOOK_GEMM_FLAG=1 ENABLE_CODEBOOK_REFERENCE_FLAG=0 ENABLE_DEBUG_PRINT_FLAG=0 PROFILE_GEMM_ONLY_FLAG=1 GEM5_PROFILE_REGIONS_FLAG=1 DENSE_NO_SIMD_BASELINE_FLAG=0 I2CE_USE_LIBM5_FLAG=1	-	1	48KiB	32KiB	1MiB
