eid	phase	sim_seconds	cpu_cycles	instructions	ops	load_instructions	store_instructions	dcache_demand_accesses	dcache_demand_misses	l2_demand_accesses	l2_demand_misses	committed_branches	branch_mispredictions	memory_references	icache_demand_accesses	icache_demand_misses	dtb_readHits	dtb_readMisses	dtb_writeHits	dtb_writeMisses	dtb_inserts	dtb_readAccesses	dtb_writeAccesses	ipc	cpi	l1d_miss_rate	l1i_miss_rate	l2_miss_rate	branch_misprediction_rate
E01	MHA_QKV	0.452503	1810009725.0	809758579.0	885755020.0	54234917.0	3209941.0	57642678.0	13639071.0	13415974.0	2372033.0	44125209.0	30267.0	57444858.0	139665218.0	35855.0	54241619	205845	3158928	56486	260826	54447464	3215414	0.4473780266567352	2.2352461238944157	0.2366141108156009	0.0002567210398798074	0.17680661873673875	0.0006859344280952868
E01	MHA_QK	0.141876	567500828.0	227605624.0	328869941.0	68266990.0	3823492.0	72083382.0	9177552.0	8928855.0	446164.0	20268903.0	1071089.0	72090482.0	81986580.0	20415.0	68139821	137542	3821597	8020	144376	68277363	3829617	0.40106659368609765	2.493351517535437	0.1273185545040048	0.00024900416629160526	0.04996878099151571	0.052843955097125875
E01	MHA_softmax	0.010205	40824370.0	23128563.0	23135242.0	6297085.0	4199549.0	10501043.0	33629.0	34933.0	1383.0	2104672.0	5090.0	10496634.0	6341137.0	1350.0	6301025	697	4199617	22	686	6301722	4199639	0.5665381486597344	1.7651062022314141	0.0032024437953449003	0.00021289557377486088	0.039590072424355194	0.0024184290948898453
E01	MHA_SV	0.141435	565741540.0	212951232.0	314015260.0	68639377.0	3039031.0	71676688.0	15735255.0	9069935.0	464836.0	18532078.0	152848.0	71678408.0	73061060.0	16334.0	68513916	138004	3036170	7015	144091	68651920	3043185	0.37641081119834335	2.6566718336712887	0.21953100009308466	0.00022356642512440963	0.051250201903321246	0.008247752896356254
E01	MHA_out	2e-06	7635.0	867.0	1057.0	170.0	195.0	372.0	31.0	47.0	28.0	193.0	37.0	365.0	467.0	21.0	184	7	204	1	8	191	205	0.11355599214145383	8.806228373702423	0.08333333333333333	0.044967880085653104	0.5957446808510638	0.19170984455958548
E01	Projection	0.237059	948237226.0	267450437.0	292691142.0	17626450.0	612443.0	18371795.0	4437470.0	4406883.0	2406149.0	14359249.0	6006.0	18238893.0	45540939.0	7474.0	17692131	68942	546551	66674	135295	17761073	613225	0.28205013436163073	3.5454689722567174	0.24153709531376766	0.0001641160714758209	0.5459979309639035	0.0004182669998967216
E01	non_GEMM_after_projection	0.001906	7621320.0	5926442.0	5927898.0	1313350.0	525679.0	1839564.0	8392.0	8834.0	4682.0	398133.0	1831.0	1839029.0	1460024.0	442.0	1313860	181	525697	6	184	1314041	525703	0.7776135892470071	1.285985756715412	0.004561950549151864	0.00030273474956576057	0.5299977360199231	0.004598965672275345
E01	FF1	0.922651	3690605168.0	1072311645.0	1174009042.0	70923323.0	2924983.0	73842843.0	17596349.0	17571581.0	9482785.0	57894035.0	40244.0	73848306.0	183039613.0	41649.0	70683636	275187	2437194	529083	802078	70958823	2966277	0.2905517106781443	3.441728144246722	0.23829457649673647	0.0002275409094095932	0.5396660095639658	0.0006951320632600578
E01	FF2	1.242818	4971272592.0	1057946718.0	1159450681.0	70494038.0	1988154.0	73008777.0	17273368.0	17253085.0	15076271.0	56193414.0	173285.0	72482192.0	180671925.0	48916.0	70823879	276451	1939710	71224	345170	71100330	2010934	0.21281205132514688	4.698982006766809	0.23659303319106414	0.00027074488745276834	0.8738304482937399	0.003083724366702475
E01	non_GEMM_after_ff2	0.003045	12180191.0	8973853.0	8976600.0	1871454.0	837922.0	2710012.0	41431.0	34302.0	10626.0	687861.0	3112.0	2709376.0	2587851.0	894.0	1871878	468	837915	113	573	1872346	838028	0.7367579868000428	1.3572978073075188	0.015288124185427961	0.0003454603839247314	0.30977785551862863	0.004524169854083892
E01	BLOCK	3.1535	12614000595.0	3686053960.0	4192831883.0	359667154.0	21161389.0	381677154.0	77942548.0	70724429.0	30264957.0	214563747.0	1483809.0	380828543.0	714354814.0	173350.0	359581949	1103324	20503583	738644	1833287	360685273	21242227	0.2922192632098889	3.4220878836510575	0.20421067172388316	0.00024266652453748286	0.42792790875695863	0.006915469275431697
E01	CODEBOOK	2.8550310000000003	11420124711.0	3207467379.0	3511905885.0	213278728.0	8735521.0	222866093.0	52946258.0	52647523.0	29337238.0	172571907.0	249802.0	222014249.0	548917695.0	133894.0	213441265	826425	8082383	723467	1543369	214267690	8805850	0.2808609765802758	3.56048039202833	0.23756982180326552	0.0002439236359469155	0.557238713775765	0.0014475241326503971
E01	OTHER	0.2984689999999999	1193875884.0	478586581.0	680925998.0	146388426.0	12425868.0	158811061.0	24996290.0	18076906.0	927719.0	41991840.0	1234007.0	158814294.0	165437119.0	39456.0	146140684	276899	12421200	15177	289918	146417583	12436377	0.4008679523674841	2.4945870431749526	0.1573964045237378	0.0002384954491379894	0.051320674013572896	0.029386828488582543
E02	MHA_QKV	0.529363	2117454088.0	904252393.0	904781490.0	28305513.0	2446607.0	30950132.0	3810696.0	3934033.0	3192062.0	43361006.0	32045.0	30752120.0	138825468.0	38737.0	28460686	58273	2398170	53535	110333	28518959	2451705	0.4270469891765606	2.341662686647709	0.12312373982766858	0.00027903381532270435	0.8113968540680773	0.0007390280566830022
E02	MHA_QK	0.261653	1046612922.0	395449546.0	396261315.0	34759757.0	3627900.0	38379158.0	2710000.0	2541793.0	2453300.0	20314858.0	1079517.0	38387657.0	81550007.0	30519.0	34769476	5186	3627447	7811	11271	34774662	3635258	0.37783743893045496	2.646640848590075	0.07061124165360792	0.0003742366324996146	0.9651848124532564	0.05313928357264422
E02	MHA_softmax	0.010644	42571068.0	23114537.0	23118155.0	6294284.0	4197088.0	10495595.0	33322.0	33775.0	9190.0	2101776.0	4507.0	10491372.0	8435589.0	518.0	6297978	642	4197124	17	653	6298620	4197141	0.5429635216104984	1.8417443533478521	0.0031748557370973253	6.140650048265746e-05	0.2720947446336047	0.00214437694597331
E02	MHA_SV	0.12456	498240155.0	374465244.0	374545562.0	34225594.0	962945.0	35191444.0	2505648.0	2352533.0	38626.0	17474210.0	142833.0	35188539.0	69736135.0	7031.0	34230839	2217	962788	1069	3055	34233056	963857	0.751575801833957	1.3305377814983546	0.07120048839143969	0.00010082290909870471	0.016418898268377106	0.008173931754282455
E02	MHA_out	1e-06	7492.0	868.0	1058.0	170.0	195.0	371.0	33.0	43.0	26.0	194.0	31.0	365.0	453.0	16.0	177	7	200	1	8	184	201	0.11585691404164442	8.631336405529954	0.0889487870619946	0.03532008830022075	0.6046511627906976	0.15979381443298968
E02	Projection	0.176394	705574843.0	300013270.0	300070621.0	9156233.0	534091.0	9822542.0	1255455.0	1234798.0	1107769.0	14279606.0	3908.0	9690324.0	45853478.0	5020.0	9270635	18960	468181	66372	85190	9289595	534553	0.4252040346625567	2.3518121148441202	0.1278136555689963	0.00010947915444930916	0.8971256837150692	0.0002736770188197069
E02	non_GEMM_after_projection	0.001902	7607387.0	5926442.0	5927898.0	1313350.0	525679.0	1839553.0	8387.0	8765.0	4639.0	398134.0	1809.0	1839029.0	1460001.0	405.0	1313820	181	525694	6	184	1314001	525700	0.7790377957635125	1.2836347677071673	0.0045592597766957515	0.00027739707027597924	0.5292641186537365	0.004543696343442157
E02	FF1	0.713604	2854415949.0	1203780213.0	1204758672.0	37246592.0	2817554.0	40056697.0	4968140.0	4914003.0	4813745.0	57779170.0	34413.0	40064146.0	184908460.0	34519.0	37192938	75889	2305110	528804	602998	37268827	2833914	0.42172557696846025	2.3712102244033146	0.12402770003727466	0.0001866815612438717	0.979597489053222	0.0005955952638295081
E02	FF2	0.701766	2807065348.0	1188282934.0	1189044299.0	36611482.0	1685574.0	38818303.0	4530716.0	4469263.0	4291724.0	55894124.0	162200.0	38297056.0	182210995.0	34419.0	37079802	73945	1623065	70024	142190	37153747	1693089	0.4233185860267333	2.3622870174116293	0.11671597287496056	0.0001888963945342596	0.9602755532623611	0.002901915056401993
E02	non_GEMM_after_ff2	0.003122	12488728.0	8988267.0	8992761.0	1873929.0	839859.0	2714496.0	41512.0	35211.0	11760.0	690731.0	3740.0	2713788.0	2339463.0	1687.0	1874598	510	839898	114	607	1875108	840012	0.7197103660196619	1.389447821254086	0.015292709954260386	0.0007211056554431508	0.33398653829769104	0.005414553567162904
E02	BLOCK	2.523009	10092037980.0	4404273714.0	4407501831.0	189786904.0	17637492.0	208268291.0	19863909.0	19524217.0	15922841.0	212293809.0	1465003.0	207424396.0	715320049.0	152871.0	190490949	235810	16947677	727753	956489	190726759	17675430	0.43641073514866024	2.29141934297138	0.09537654006101198	0.0002137099333559991	0.8155431277986718	0.006900827710901358
E02	CODEBOOK	2.121127	8484510228.0	3596328810.0	3598655082.0	111319820.0	7483826.0	119647674.0	14565007.0	14552097.0	13405300.0	171313906.0	232566.0	118803646.0	551798401.0	112695.0	112004061	227067	6794526	718735	940711	112231128	7513261	0.4238699363142544	2.359214264393138	0.12173247095467982	0.00020423219747604888	0.9211936946269669	0.0013575430356482562
E02	OTHER	0.4018820000000001	1607527752.0	807944904.0	808846749.0	78467084.0	10153666.0	88620617.0	5298902.0	4972120.0	2517541.0	40979903.0	1232437.0	88620750.0	163521648.0	40176.0	78486888	8743	10153151	9018	15778	78495631	10162169	0.5026009056420944	1.989650215059714	0.05979310660858974	0.0002456922400879913	0.5063315044689187	0.03007418050745508
E03	MHA_QKV	0.236052	944208208.0	133749982.0	153120618.0	19995718.0	2045242.0	22433690.0	3810372.0	3726589.0	3187308.0	8725677.0	421216.0	22040960.0	33147663.0	33106.0	20346264	56250	1997061	53151	108133	20402514	2050212	0.14165306006321013	7.05950157062451	0.16985043477020498	0.0009987431089787536	0.8552883078869175	0.048273159778891656
E03	MHA_QK	0.16343	653719345.0	68139053.0	94080853.0	17951124.0	3600473.0	21542095.0	4803734.0	2531378.0	2449853.0	7702858.0	29860.0	21551597.0	18572604.0	24727.0	17959615	4350	3600754	7777	10527	17963965	3608531	0.10423288452631	9.59390123898552	0.22299288903887945	0.0013313695807006922	0.9677942211712356	0.003876483248165811
E03	MHA_softmax	0.01062	42476011.0	23114538.0	23118156.0	6294284.0	4197088.0	10495574.0	33324.0	33797.0	8684.0	2101790.0	4493.0	10491372.0	6334112.0	538.0	6297963	639	4197120	17	648	6298602	4197137	0.5441786423871111	1.8376318401864662	0.0031750526460010667	8.493692564956224e-05	0.2569458827706601	0.0021377016733355853
E03	MHA_SV	0.03116	124642469.0	47206519.0	72426056.0	17426604.0	943719.0	18372495.0	3027397.0	2346001.0	36408.0	4872674.0	140836.0	18370323.0	15561394.0	4217.0	17431208	1563	943363	1002	2436	17432771	944365	0.37873542925405307	2.6403656028948035	0.16477876303681127	0.0002709911464230004	0.015519174970513652	0.02890322644199058
E03	MHA_out	1e-06	6510.0	868.0	1058.0	170.0	195.0	369.0	33.0	44.0	22.0	194.0	32.0	365.0	489.0	17.0	177	7	202	1	8	184	203	0.13333333333333333	7.5	0.08943089430894309	0.034764826175869123	0.5	0.16494845360824742
E03	Projection	0.079424	317696641.0	43174103.0	49511365.0	6385634.0	399692.0	6916993.0	1255731.0	1231207.0	1099098.0	2733557.0	133292.0	6785326.0	10560348.0	2978.0	6499655	18299	333681	66249	84457	6517954	399930	0.1358972599272776	7.358500094373704	0.18154290455404537	0.00028199828263235263	0.89269960290999	0.0487613757459603
E03	non_GEMM_after_projection	0.001902	7607692.0	5926443.0	5927899.0	1313350.0	525679.0	1839551.0	8364.0	8746.0	4632.0	398135.0	1800.0	1839029.0	1459972.0	405.0	1313826	176	525698	5	178	1314002	525703	0.7790066948031019	1.2836860153721212	0.004546761682606245	0.00027740258032345823	0.5296135376171964	0.0045210795333241235
E03	FF1	0.32762	1310477916.0	176415556.0	202511844.0	26162454.0	2278516.0	28955463.0	4968124.0	4894842.0	4830210.0	11592420.0	553896.0	28440970.0	43735497.0	26431.0	26629884	73327	1763424	528321	600055	26703211	2291745	0.13461925137851768	7.428358052506435	0.17157812327159128	0.0006043374790047544	0.98679589657848	0.04778087750443825
E03	FF2	0.314576	1258305900.0	166707971.0	192540089.0	25907525.0	1490821.0	27524109.0	4517498.0	4447325.0	4282065.0	9686926.0	156611.0	27398346.0	37324782.0	26023.0	25981797	70377	1428647	69530	138406	26052174	1498177	0.13248604413282972	7.547964818070997	0.16412876434982873	0.0006972043400012356	0.9628405839465296	0.01616725471011134
E03	non_GEMM_after_ff2	0.003043	12170608.0	8973852.0	8976599.0	1871454.0	837922.0	2709994.0	41431.0	34272.0	10574.0	687861.0	3113.0	2709376.0	2587800.0	909.0	1871863	468	837916	113	574	1872331	838029	0.7373380195960629	1.3562300782317338	0.015288225730389071	0.0003512636216090888	0.30853174603174605	0.00452562363617068
E03	BLOCK	1.167828	4671311300.0	673408885.0	802214537.0	123308317.0	16319347.0	140790333.0	22466008.0	19254201.0	15908854.0	48502092.0	1445149.0	139627664.0	169284661.0	119351.0	124332252	225456	15627866	726166	945422	124557708	16354032	0.14415842613614727	6.936812691445257	0.15957067165967992	0.000705031390883076	0.8262536575784163	0.02979560139385328
E03	CODEBOOK	0.9576720000000001	3830688665.0	520047612.0	597683916.0	78451331.0	6214271.0	85830255.0	14551725.0	14299963.0	13398681.0	32738580.0	1265015.0	84665602.0	124768290.0	88538.0	79457600	218253	5522813	717251	931051	79675853	6240064	0.13575825588530308	7.366034525700313	0.16954074061646443	0.0007096194073029293	0.9369731236367534	0.038639886030487576
E03	OTHER	0.210156	840622635.0	153361273.0	204530621.0	44856986.0	10105076.0	54960078.0	7914283.0	4954238.0	2510173.0	15763512.0	180134.0	54962062.0	44516371.0	30813.0	44874652	7203	10105053	8915	14371	44881855	10113968	0.182437715348933	5.481322752191813	0.14400057801955812	0.0006921723246488354	0.5066718635640839	0.011427275850711441
E04	MHA_QKV	0.182419	729673170.0	103487084.0	122550561.0	19959190.0	1818137.0	21779000.0	3998249.0	3592526.0	2262060.0	8989831.0	408732.0	21777327.0	32766713.0	19296.0	19914319	52766	1805927	14212	66397	19967085	1820139	0.14182662629626358	7.050862211945212	0.1835827632122687	0.0005888903168285449	0.6296572383888105	0.045466038238093684
E04	MHA_QK	0.040585	162342949.0	61946502.0	87255610.0	16899701.0	2495079.0	19393958.0	2226833.0	2167087.0	171409.0	7517882.0	9144.0	19394780.0	17249818.0	8559.0	16902322	862	2494905	1583	2045	16903184	2496488	0.38157802591106066	2.6206959837699957	0.11482096640613536	0.0004961791480930408	0.07909650143256823	0.0012163000164141975
E04	MHA_softmax	0.01014	40557614.0	23118739.0	23123452.0	6295187.0	4197878.0	10497345.0	33511.0	34079.0	263.0	2102555.0	4630.0	10493065.0	8435965.0	647.0	6298917	690	4197923	20	691	6299607	4197943	0.5700221664913523	1.7543177419841107	0.0031923310132228673	7.669543436939342e-05	0.007717362598667801	0.0022020827041385363
E04	MHA_SV	0.029136	116545626.0	46862951.0	72088376.0	17365881.0	884140.0	18252156.0	4006823.0	2294274.0	10108.0	4927905.0	141074.0	18250021.0	19112344.0	4440.0	17370945	1238	884106	511	1573	17372183	884617	0.40209961204378447	2.486945945849633	0.21952601106411757	0.00023231059466070724	0.004405751013174538	0.028627581091762118
E04	MHA_out	1e-06	4649.0	875.0	1065.0	170.0	195.0	367.0	32.0	45.0	15.0	195.0	28.0	365.0	470.0	18.0	177	7	202	1	8	184	203	0.1882125188212519	5.313142857142857	0.08719346049046321	0.03829787234042553	0.3333333333333333	0.14358974358974358
E04	Projection	0.04644	185760945.0	33572472.0	39885643.0	6442628.0	443462.0	6886909.0	1322467.0	1191204.0	489692.0	2907405.0	134344.0	6886090.0	10680317.0	4127.0	6426938	17338	426927	16779	34004	6444276	443706	0.18072944234860563	5.533132770205304	0.19202620507981158	0.0003864117516362108	0.4110899560444726	0.04620752870687091
E04	non_GEMM_after_projection	0.001892	7567916.0	5926443.0	5927899.0	1313350.0	525679.0	1839584.0	8391.0	8845.0	4192.0	398135.0	1867.0	1839029.0	1459985.0	487.0	1313860	182	525696	6	185	1314042	525702	0.7831010545043048	1.2769744010024224	0.0045613573503574725	0.0003335650708740158	0.4739400791407575	0.004689364160397855
E04	FF1	0.311827	1247307875.0	134967528.0	160355735.0	25881488.0	1901012.0	27782408.0	5277537.0	4747376.0	4219423.0	11750828.0	535968.0	27782500.0	43003938.0	12284.0	25817662	69797	1639786	263336	332566	25887459	1903122	0.10820706796227034	9.24154049113206	0.18995966800285993	0.00028564825853855526	0.8887905655671681	0.045611083746609174
E04	FF2	0.146054	584216508.0	121727402.0	146936510.0	25333774.0	457990.0	25792528.0	4473428.0	4342005.0	1332795.0	9211452.0	134632.0	25791764.0	35878833.0	4462.0	25268558	67312	441490	16895	84077	25335870	458385	0.20836008625761052	4.799383691767281	0.17343891223070496	0.0001243630192765746	0.30695381511536723	0.014615719649844563
E04	non_GEMM_after_ff2	0.003107	12426486.0	8973704.0	8976451.0	1871422.0	837895.0	2709919.0	41424.0	34036.0	11221.0	687813.0	3027.0	2709317.0	2332771.0	797.0	1871717	462	837899	110	564	1872179	838009	0.7221433315902822	1.3847666470835232	0.015286065745876537	0.0003416537671293067	0.32968033846515454	0.004400905478669347
E04	BLOCK	0.771601	3086403738.0	540583700.0	667101302.0	121362791.0	13561467.0	134934174.0	21388695.0	18411477.0	8501178.0	48494001.0	1373446.0	134924258.0	170921154.0	55117.0	121185415	210654	13254861	313453	522110	121396069	13568314	0.17515002763387658	5.709391048971695	0.15851206826226247	0.00032247032453338107	0.46173253780780327	0.028321977392626357
E04	CODEBOOK	0.68674	2746958498.0	393754486.0	469728449.0	77617080.0	4620601.0	82240845.0	15071681.0	13873111.0	8303970.0	32859516.0	1213676.0	82237681.0	122329801.0	40169.0	77427477	207213	4314130	311222	517044	77634690	4625352	0.14334198579508353	6.976323053243894	0.18326272061042173	0.00032836642969769894	0.598565815554997	0.036935297525380474
E04	OTHER	0.08486099999999996	339445240.0	146829214.0	197372853.0	43745711.0	8940866.0	52693329.0	6317014.0	4538366.0	197208.0	15634485.0	159770.0	52686577.0	48591353.0	14948.0	43757938	3441	8940731	2231	5066	43761379	8942962	0.43255640880396495	2.3118372070015987	0.11988261360370683	0.0003076267499692795	0.04345352490301575	0.010219076611733614
E05	MHA_QKV	0.053029	212118576.0	104230520.0	123258784.0	19541616.0	1405000.0	20947714.0	134249.0	107078.0	48463.0	8976250.0	412059.0	20946616.0	33530393.0	16411.0	19545851	2364	1405504	1201	3072	19548215	1406705	0.4913785580005025	2.03509083519875	0.0064087661307577525	0.0004894365538751663	0.4525953043575711	0.04590547277537947
E05	MHA_QK	0.040265	161054719.0	61944434.0	87253163.0	16899432.0	2494790.0	19393401.0	2226838.0	2166907.0	166853.0	7517580.0	9188.0	19394222.0	15152429.0	8390.0	16902069	855	2494627	1580	2040	16902924	2496207	0.3846173175465911	2.5999869334507117	0.11482452201137902	0.000553706603739902	0.07700053578672274	0.0012222018255874897
E05	MHA_softmax	0.010133	40534045.0	23114540.0	23118158.0	6294284.0	4197088.0	10495605.0	33337.0	33706.0	212.0	2101795.0	4509.0	10491372.0	8434291.0	442.0	6297990	644	4197122	13	649	6298634	4197135	0.5702500206924821	1.753616771088674	0.0031762818817971904	5.240511620953083e-05	0.006289681362368718	0.00214530912862577
E05	MHA_SV	0.029099	116396925.0	46857191.0	72081824.0	17364997.0	883375.0	18250342.0	4006861.0	2293312.0	9563.0	4926587.0	140565.0	18248372.0	15043929.0	3539.0	17369812	1239	883284	507	1605	17371051	883791	0.40256382202536706	2.4840781642245693	0.21954991309203958	0.0002352443965934697	0.004169951580944939	0.028531922809847874
E05	MHA_out	2e-06	6275.0	875.0	1065.0	170.0	195.0	372.0	32.0	43.0	16.0	195.0	35.0	365.0	488.0	16.0	184	7	202	1	8	191	203	0.1394422310756972	7.171428571428572	0.08602150537634409	0.03278688524590164	0.37209302325581395	0.1794871794871795
E05	Projection	0.016786	67146081.0	33805862.0	40110616.0	6304586.0	306585.0	6611832.0	22720.0	17983.0	6058.0	2902139.0	134155.0	6611171.0	10929811.0	3526.0	6305461	420	306586	166	496	6305881	306752	0.5034673877690643	1.9862259687387944	0.0034362639583098904	0.00032260393157759087	0.336873714063282	0.04622624898393909
E05	non_GEMM_after_projection	0.001892	7569212.0	5926443.0	5927899.0	1313350.0	525679.0	1839586.0	8392.0	8839.0	4201.0	398134.0	1871.0	1839029.0	1460047.0	480.0	1313862	179	525698	5	181	1314041	525703	0.782966971991272	1.2771930819211457	0.00456189599181555	0.00032875654002919083	0.4752800090507976	0.004699422807396505
E05	FF1	0.09824	392957527.0	135770080.0	161098881.0	25306536.0	1333085.0	26638368.0	586319.0	559999.0	543073.0	11708397.0	531743.0	26639621.0	43944801.0	7264.0	25309129	853	1333590	1096	1524	25309982	1334686	0.3455082818657905	2.894286627804889	0.022010319851426333	0.0001652982795393703	0.9697749460266893	0.04541552528497283
E05	FF2	0.091571	366283505.0	121928169.0	147121276.0	25189209.0	315448.0	25505291.0	563546.0	557406.0	536383.0	9200161.0	133742.0	25504657.0	36113656.0	2834.0	25189620	914	315521	187	1002	25190534	315708	0.3328792242500792	3.004092557151416	0.022095258587718134	7.847446960230224e-05	0.9622842237076745	0.014536919516951931
E05	non_GEMM_after_ff2	0.003049	12199007.0	8969510.0	8971162.0	1870520.0	837107.0	2708165.0	41244.0	33560.0	10483.0	687065.0	2874.0	2707627.0	2330873.0	489.0	1870763	422	837097	107	527	1871185	837204	0.7352655835020014	1.3600527788028554	0.015229500418179838	0.00020979263992504095	0.31236591179976164	0.004183010341088544
E05	BLOCK	0.344066	1376265872.0	542547624.0	668942828.0	120084700.0	12298352.0	132390676.0	7623538.0	5778833.0	1325305.0	48418303.0	1370741.0	132383052.0	166940718.0	43391.0	120104741	7897	12299231	4863	11104	120112638	12304094	0.39421716038890486	2.5366729317756627	0.05758364735595126	0.0002599186137440717	0.22933782651272325	0.028310389151804845
E05	CODEBOOK	0.259626	1038505689.0	395734631.0	471589557.0	76341947.0	3360118.0	79703205.0	1306834.0	1242466.0	1133977.0	32786947.0	1211699.0	79702065.0	124518661.0	30035.0	76350061	4551	3361201	2650	6094	76354612	3363851	0.3810615918542166	2.6242476843023628	0.016396254077862993	0.00024120882571970477	0.9126825200850567	0.03695674989196158
E05	OTHER	0.08443999999999996	337760183.0	146812993.0	197353271.0	43742753.0	8938234.0	52687471.0	6316704.0	4536367.0	191328.0	15631356.0	159042.0	52680987.0	42422057.0	13356.0	43754680	3346	8938030	2213	5010	43758026	8940243	0.4346663709617898	2.3006150620469947	0.11989005887187107	0.00031483621833802163	0.04217648175290932	0.010174549156196045
E06	MHA_QKV	0.057599	230395470.0	132344259.0	133105401.0	22441254.0	4280325.0	26749562.0	218694.0	180446.0	75384.0	10213198.0	73299.0	26721579.0	33368628.0	19278.0	22473181	2664	4280960	1261	3351	22475845	4282221	0.5744221403311446	1.7408799727383717	0.008175610501585035	0.0005777282781899214	0.41776487148509805	0.007176890137643469
E06	MHA_QK	0.04182	167279744.0	61942436.0	87250654.0	16899190.0	2494513.0	19392915.0	2226311.0	2166881.0	195020.0	7517420.0	9210.0	19393703.0	18263205.0	8547.0	16901814	864	2494355	1578	2045	16902678	2495933	0.3702925083386067	2.700567733564757	0.11480022472124485	0.00046799014740293393	0.09000032765989456	0.0012251543747721957
E06	MHA_softmax	0.010119	40479829.0	23106150.0	23107578.0	6292480.0	4195512.0	10492120.0	32960.0	33045.0	79.0	2100278.0	4277.0	10487992.0	8426083.0	123.0	6296110	560	4195546	4	564	6296670	4195550	0.5708065120532007	1.7519071329494529	0.003141405168831466	1.4597530074175628e-05	0.0023906793766076562	0.0020363970864809323
E06	MHA_SV	0.029077	116306854.0	46846938.0	72069854.0	17363229.0	881540.0	18246587.0	4006916.0	2292884.0	9351.0	4924298.0	140109.0	18244769.0	19499034.0	3085.0	17367828	1182	881426	500	1577	17369010	881926	0.4027874230008835	2.482699168086503	0.21959810895045742	0.00015821296583205097	0.004078269986619472	0.02845258349514997
E06	MHA_out	2e-06	5434.0	876.0	1066.0	170.0	195.0	371.0	31.0	42.0	17.0	196.0	32.0	365.0	472.0	15.0	179	6	202	1	7	185	203	0.16120721383879277	6.203196347031963	0.08355795148247978	0.03177966101694915	0.40476190476190477	0.16326530612244897
E06	Projection	0.018457	73828734.0	43188508.0	43401741.0	7270122.0	1264106.0	8539847.0	53167.0	45912.0	17502.0	3314481.0	22269.0	8534228.0	10842267.0	3683.0	7275964	472	1264138	170	545	7276436	1264308	0.5849823728522827	1.709453218434867	0.00622575556681519	0.000339689107453266	0.38120752744380554	0.006718698945626781
E06	non_GEMM_after_projection	0.001892	7569423.0	5926443.0	5927899.0	1313350.0	525679.0	1839580.0	8394.0	8827.0	4195.0	398128.0	1886.0	1839029.0	1460083.0	465.0	1313855	180	525698	5	181	1314035	525703	0.7829451465455161	1.277228685064549	0.004562998075647702	0.00031847504559672293	0.4752464030814546	0.004737169955391231
E06	FF1	0.07529	301159884.0	173273955.0	174224333.0	29159441.0	5155225.0	34365260.0	221869.0	170759.0	92060.0	13350331.0	84650.0	34314666.0	43576997.0	6482.0	29213542	1123	5155648	1098	1843	29214665	5156746	0.575355365059179	1.738056270487968	0.006456200244083705	0.00014874820309439865	0.5391223888638373	0.006340666759498323
E06	FF2	0.07317	292677880.0	165436643.0	166253672.0	28221730.0	3340359.0	31568947.0	257739.0	245989.0	101301.0	11582235.0	52639.0	31562089.0	38681567.0	3227.0	28228269	1277	3340394	203	1377	28229546	3340597	0.5652516104052687	1.7691236638548087	0.008164320463397148	8.342474853720378e-05	0.41181109724418574	0.0045448050397872254
E06	non_GEMM_after_ff2	0.003025	12099060.0	8973934.0	8976700.0	1871469.0	837937.0	2709983.0	41427.0	34033.0	10409.0	687869.0	3064.0	2709406.0	2327878.0	789.0	1871753	466	837939	111	570	1872219	838050	0.7417050580788921	1.3482448165988294	0.015286811762287808	0.0003389352878458407	0.3058502042135574	0.004454336508841073
E06	BLOCK	0.310451	1241802312.0	661040142.0	714318898.0	130832435.0	22975391.0	153905172.0	7067508.0	5178818.0	505318.0	54088434.0	391435.0	153807826.0	176446214.0	45694.0	130942495	8794	22976306	4931	12060	130951289	22981237	0.5323231690037311	1.8785580982160688	0.045921185806543266	0.0002589684355596318	0.09757400240749917	0.0072369445933672255
E06	CODEBOOK	0.224516	898061968.0	514243365.0	516985147.0	87092547.0	14040015.0	101223616.0	751469.0	643106.0	286247.0	38460245.0	232857.0	101132562.0	126469459.0	32670.0	87190956	5536	14041140	2732	7116	87196492	14043872	0.5726145670606998	1.7463754111829912	0.007423850576529493	0.0002583232367586865	0.445100807642908	0.006054485612351143
E06	OTHER	0.08593499999999998	343740344.0	146796777.0	197333751.0	43739888.0	8935376.0	52681556.0	6316039.0	4535712.0	219071.0	15628189.0	158578.0	52675264.0	49976755.0	13024.0	43751539	3258	8935166	2199	4944	43754797	8937365	0.427057165567973	2.3416068869141453	0.11989089692035672	0.0002606011534762511	0.04829914244996155	0.010146921054000562
E07	MHA_QKV	0.032535	130139200.0	93247415.0	94004788.0	29030335.0	4967551.0	34012566.0	247799.0	217897.0	92487.0	10606564.0	73333.0	33997886.0	28041905.0	19183.0	29052172	2504	4968158	1352	3170	29054676	4969510	0.7165205795025634	1.395633326671844	0.007285513242370482	0.0006840833388459165	0.4244528378086894	0.006913926131026033
E07	MHA_QK	0.047665	190667030.0	61943359.0	87251690.0	16899321.0	2494659.0	19393206.0	2225616.0	2166720.0	304946.0	7517508.0	9304.0	19393980.0	17249019.0	8737.0	16902006	833	2494500	1578	2016	16902839	2496078	0.3248771379089505	3.0780867082135472	0.11476266482189691	0.0005065215592840381	0.1407408433023187	0.0012376441767670881
E07	MHA_softmax	0.010139	40553646.0	23118739.0	23123452.0	6295187.0	4197878.0	10497309.0	33505.0	34083.0	244.0	2102538.0	4579.0	10493065.0	8431729.0	675.0	6298884	677	4197934	20	687	6299561	4197954	0.5700779407109289	1.7541461063252628	0.00319177038610562	8.00547550804823e-05	0.007158994219992372	0.002177844110308589
E07	MHA_SV	0.02907	116275616.0	46840123.0	72061446.0	17361909.0	880275.0	18243968.0	4006892.0	2292907.0	9256.0	4923017.0	140076.0	18242184.0	19369071.0	3167.0	17366464	1141	880164	496	1541	17367605	880660	0.40283702302639274	2.4823934813322333	0.21962831769930752	0.00016350810010454296	0.0040367969568761404	0.028453283829814116
E07	MHA_out	1e-06	6031.0	875.0	1065.0	170.0	195.0	367.0	32.0	43.0	17.0	195.0	33.0	365.0	456.0	16.0	178	6	202	1	7	184	203	0.14508373404078925	6.892571428571428	0.08719346049046321	0.03508771929824561	0.3953488372093023	0.16923076923076924
E07	Projection	0.009974	39895758.0	30146682.0	30357296.0	9464901.0	1491983.0	10962164.0	57758.0	52846.0	21106.0	3443739.0	22018.0	10956884.0	9057336.0	3362.0	9471431	425	1491993	195	501	9471856	1492188	0.7556362759168531	1.323388026582826	0.005268850201474818	0.00037119082255532976	0.3993868977784506	0.006393632037735728
E07	non_GEMM_after_projection	0.001893	7570346.0	5926442.0	5927898.0	1313350.0	525679.0	1839593.0	8397.0	8848.0	4197.0	398134.0	1883.0	1839029.0	1460103.0	482.0	1313867	182	525700	5	182	1314049	525705	0.7828495553571791	1.2773846432648797	0.0045645966254492165	0.00033011369745833	0.47434448462929474	0.004729563413323153
E07	FF1	0.041319	165277693.0	121113847.0	122054810.0	37939442.0	6067706.0	44023802.0	242884.0	198236.0	107237.0	13868962.0	84152.0	44007148.0	36444454.0	5851.0	37963820	798	6068074	1095	1548	37964618	6069169	0.7327900383991928	1.3646473718236363	0.005517106405303204	0.00016054568961302042	0.5409562339837366	0.0060676494751373605
E07	FF2	0.039088	156351640.0	113279084.0	114079267.0	37022338.0	4247701.0	41276460.0	339156.0	332354.0	111340.0	12097220.0	51388.0	41270039.0	31915594.0	1634.0	37032454	830	4247653	203	968	37033284	4247856	0.7245148435923026	1.3802339715246992	0.008216693001289355	5.1197543119517064e-05	0.3350042424643603	0.004247918116724338
E07	non_GEMM_after_ff2	0.00302	12078076.0	8973934.0	8976700.0	1871469.0	837937.0	2709981.0	41445.0	33951.0	10267.0	687875.0	3018.0	2709406.0	2323784.0	696.0	1871758	462	837937	110	565	1872220	838047	0.7429936688591793	1.345906488726126	0.015293465157135788	0.0002995114864376379	0.3024064092368413	0.004387425040886789
E07	BLOCK	0.214704	858815036.0	504590500.0	557838412.0	157198422.0	25711564.0	182959416.0	7203484.0	5337885.0	661097.0	55645752.0	389784.0	182909986.0	154293451.0	43803.0	157273034	7858	25712315	5055	11185	157280892	25717370	0.5875426941174328	1.702003973519121	0.039372032101370504	0.0002838940973586753	0.1238499892747783	0.007004739553164813
E07	CODEBOOK	0.12291600000000001	491664291.0	357787028.0	360496161.0	113457016.0	16774941.0	130274992.0	887597.0	801333.0	332170.0	40016485.0	230891.0	130231957.0	105459289.0	30030.0	113519877	4557	16775878	2845	6187	113524434	16778723	0.7277059460069676	1.3741814334308398	0.0068132569910271034	0.0002847544325848812	0.41452180304567515	0.005769897081165425
E07	OTHER	0.091788	367150745.0	146803472.0	197342251.0	43741406.0	8936623.0	52684424.0	6315887.0	4536552.0	328927.0	15629267.0	158893.0	52678029.0	48834162.0	13773.0	43753157	3301	8936437	2210	4998	43756458	8938647	0.399845224336941	2.5009677223437876	0.11988148527542031	0.0002820361696797418	0.07250594724804213	0.01016637568479699
E08	MHA_QKV	0.05994	239759593.0	138792353.0	139341909.0	24539697.0	4982143.0	29532025.0	628273.0	550789.0	65133.0	11137436.0	71625.0	29521840.0	35135403.0	22019.0	24555041	6021	4981058	3598	8844	24561062	4984656	0.5788813338534488	1.7274697619688024	0.02127429460052265	0.0006266898375977074	0.11825399563172104	0.006431013385845719
E08	MHA_QK	0.045474	181896620.0	61817945.0	87103074.0	16880109.0	2471583.0	19351565.0	2230116.0	2170887.0	264230.0	7493898.0	9197.0	19351692.0	15098525.0	8915.0	16882676	939	2471347	1479	2053	16883615	2472826	0.33985208191334176	2.9424565957344586	0.11524215224970177	0.0005904550278917974	0.121715225159117	0.0012272651696086602
E08	MHA_softmax	0.010147	40586587.0	23122926.0	23128734.0	6296088.0	4198664.0	10499010.0	33692.0	34418.0	335.0	2103303.0	4667.0	10494752.0	8433863.0	826.0	6299781	725	4198714	22	726	6300506	4198736	0.5697184146082547	1.755253076535383	0.0032090644736979964	9.79385128736381e-05	0.009733279098146318	0.002218890953894898
E08	MHA_SV	0.028828	115314197.0	46812337.0	72027894.0	17357400.0	874923.0	18234285.0	3920081.0	2211262.0	9593.0	4918105.0	140028.0	18232323.0	15292550.0	3095.0	17362019	1146	874793	470	1517	17363165	875263	0.4059546718258811	2.4633292074266664	0.2149840808126011	0.00020238612919362697	0.004338246666383269	0.028471941936985892
E08	MHA_out	2e-06	5715.0	876.0	1066.0	170.0	195.0	369.0	33.0	42.0	18.0	196.0	34.0	365.0	510.0	14.0	179	6	202	1	7	185	203	0.15328083989501312	6.523972602739726	0.08943089430894309	0.027450980392156862	0.42857142857142855	0.17346938775510204
E08	Projection	0.018788	75151789.0	44987059.0	45051028.0	7873195.0	1433538.0	9309543.0	167315.0	148888.0	9398.0	3572799.0	17767.0	9306733.0	11290343.0	3644.0	7876006	1232	1433144	595	1719	7877238	1433739	0.5986159424627935	1.6705201600309103	0.017972418194964028	0.0003227537019911618	0.06312127236580517	0.004972851817300665
E08	non_GEMM_after_projection	0.001898	7593703.0	5930636.0	5933187.0	1314252.0	526467.0	1841337.0	8571.0	9306.0	4250.0	398886.0	2030.0	1840719.0	1462052.0	784.0	1314802	223	526491	10	226	1315025	526501	0.7809939366867522	1.2804196716844534	0.004654769876453903	0.000536232637416453	0.45669460563077585	0.005089173347773549
E08	FF1	0.076628	306510280.0	180493028.0	180853141.0	31576635.0	5837028.0	37423723.0	672121.0	576357.0	60740.0	14388402.0	66616.0	37413663.0	45383253.0	7315.0	31589914	4613	5833813	4735	8929	31594527	5838548	0.5888645170400157	1.6981834888381395	0.017959757771828313	0.0001611828045909358	0.10538607148000284	0.004629840061460612
E08	FF2	0.070959	283835556.0	169790908.0	170015549.0	29214954.0	3758961.0	32979293.0	461341.0	402453.0	32142.0	12322664.0	51755.0	32973915.0	39762640.0	2947.0	29220385	3298	3758224	1001	4189	29223683	3759225	0.5982016854858029	1.6716770016919869	0.013988808068141425	7.411479720662411e-05	0.07986522649849796	0.004199984678637672
E08	non_GEMM_after_ff2	0.002946	11784700.0	8969510.0	8971162.0	1870520.0	837107.0	2708159.0	41440.0	33769.0	8668.0	687064.0	2891.0	2707627.0	2321704.0	516.0	1870758	423	837087	109	530	1871181	837196	0.7611148353373441	1.3138621842218805	0.015301908048973491	0.00022225055390351226	0.2566851254108798	0.00420775939359361
E08	BLOCK	0.31561	1262438740.0	680717578.0	732426744.0	136923020.0	24920609.0	161879309.0	8162983.0	6138171.0	454507.0	57022753.0	366610.0	161843629.0	174180843.0	50075.0	136971561	18626	24914873	12020	28740	136990187	24926893	0.5392084038865917	1.8545705014833627	0.05042635189405213	0.0002874885615291229	0.07404599839268082	0.006429188012020395
E08	CODEBOOK	0.226315	905257218.0	534063348.0	535261627.0	93204481.0	16011670.0	109244584.0	1929050.0	1678487.0	167413.0	41421301.0	207763.0	109216151.0	131571639.0	35925.0	93241346	15164	16006239	9929	23681	93256510	16016168	0.5899575693855446	1.69503715503053	0.01765808362636998	0.00027304516591147735	0.0997404209862811	0.005015849212461965
E08	OTHER	0.08929500000000001	357181522.0	146654230.0	197165117.0	43718539.0	8908939.0	52634725.0	6233933.0	4459684.0	287094.0	15601452.0	158847.0	52627478.0	42609204.0	14150.0	43730215	3462	8908634	2091	5059	43733677	8910725	0.41058739315187753	2.4355350813951975	0.11843764738962728	0.0003320878747230293	0.06437541314586415	0.01018155233243675
E09	MHA_QKV	0.033746	134985186.0	98996640.0	99689694.0	30889002.0	5889114.0	36783821.0	1352572.0	1125158.0	61682.0	12210549.0	80312.0	36778116.0	37965526.0	26006.0	30902096	7381	5887621	5238	11518	30909477	5892859	0.7333889216554474	1.363533004756525	0.036770840092985445	0.000684989851055929	0.054820745175344264	0.006577263643100732
E09	MHA_QK	0.031603	126415569.0	61715367.0	86981341.0	16862530.0	2452992.0	19315152.0	2231780.0	2169877.0	7893.0	7474220.0	7360.0	19315522.0	17150065.0	6558.0	16864377	827	2452482	1460	2013	16865204	2453942	0.4881943536559172	2.048364534557495	0.11554555718743502	0.00038238922126534216	0.003637533371707244	0.0009847181378123738
E09	MHA_softmax	0.01017	40681322.0	23130687.0	23137626.0	6297294.0	4199762.0	10501536.0	33721.0	35087.0	697.0	2105078.0	5272.0	10497056.0	8437917.0	1401.0	6301312	726	4199853	29	711	6302038	4199882	0.5685824811691222	1.758759780891938	0.0032110540781843722	0.00016603623856456518	0.019864907230598226	0.0025044202637621977
E09	MHA_SV	0.028592	114361477.0	47348397.0	72690820.0	17455525.0	973883.0	18429400.0	4103442.0	2082488.0	9173.0	5002964.0	143844.0	18429408.0	19548859.0	7112.0	17461459	1459	973931	641	1854	17462918	974572	0.41402400740242273	2.415318875526029	0.22265738439667054	0.00036380639913562217	0.0044048273027263544	0.028751755959067465
E09	MHA_out	1e-06	6014.0	875.0	1065.0	170.0	195.0	369.0	31.0	94.0	16.0	195.0	46.0	365.0	443.0	66.0	182	8	203	1	8	190	204	0.1454938476887263	6.873142857142857	0.08401084010840108	0.1489841986455982	0.1702127659574468	0.2358974358974359
E09	Projection	0.010571	42281026.0	31786990.0	31907198.0	10013636.0	1746371.0	11761466.0	586449.0	487717.0	10424.0	3939631.0	20871.0	11760007.0	12233787.0	5407.0	10016607	1397	1745857	1171	2332	10018004	1747028	0.7518027116938931	1.3301361972303762	0.04986189646766823	0.00044197271049430564	0.021373050355021458	0.005297704277380293
E09	non_GEMM_after_projection	0.001906	7625605.0	5932889.0	5935813.0	1314555.0	526766.0	1841976.0	8598.0	9502.0	4363.0	399357.0	2180.0	1841321.0	1463189.0	943.0	1315152	237	526805	10	233	1315389	526815	0.7780220716913608	1.2853105797192566	0.004667813261410572	0.0006444827018245764	0.45916649126499687	0.0054587749807816065
E09	FF1	0.042925	171699745.0	126457475.0	126807409.0	39940812.0	6862509.0	46807928.0	2342334.0	1937479.0	60415.0	15620207.0	71591.0	46803321.0	48623083.0	5935.0	39947292	4614	6858166	5790	10036	39951906	6863956	0.7365035690647065	1.3577666721559956	0.050041394697069266	0.0001220613674373548	0.031182273459480075	0.004583229914942868
E09	FF2	0.03569	142759031.0	116700348.0	116944748.0	38392082.0	4817142.0	43212319.0	1119140.0	930137.0	35400.0	13582276.0	55778.0	43209224.0	42977617.0	2977.0	38395461	3192	4815964	1614	4679	38398653	4817578	0.8174638562796073	1.2232956751765642	0.02589863321151545	6.92686148699217e-05	0.03805890960148881	0.004106675493856847
E09	non_GEMM_after_ff2	0.002955	11822689.0	8973704.0	8976451.0	1871422.0	837895.0	2709908.0	41522.0	34143.0	8731.0	687821.0	3044.0	2709317.0	2323634.0	814.0	1871705	465	837877	113	571	1872170	837990	0.7590239411693905	1.317481499278336	0.015322291384061746	0.000350313345389162	0.2557185953196848	0.004425570024759348
E09	BLOCK	0.198159	792637664.0	521043372.0	573072165.0	163037028.0	28306629.0	191363875.0	11819589.0	8811682.0	198794.0	61022298.0	390298.0	191343657.0	190724120.0	57219.0	163075643	20306	28298759	16067	33955	163095949	28314826	0.6573537893349464	1.521250833606228	0.06176499613628748	0.00030000924896127456	0.022560278503014522	0.006395989872423356
E09	CODEBOOK	0.12293199999999999	491724988.0	373941453.0	375349049.0	119235532.0	19315136.0	138565534.0	5400495.0	4480491.0	167921.0	45352663.0	228552.0	138550668.0	141800013.0	40325.0	119261456	16584	19307608	13813	28565	119278040	19321421	0.7604686809204824	1.3149785455853165	0.038974302224390085	0.0002843793815449086	0.03747825852122011	0.0050394394701806155
E09	OTHER	0.07522700000000002	300912676.0	147101919.0	197723116.0	43801496.0	8991493.0	52798341.0	6419094.0	4331191.0	30873.0	15669635.0	161746.0	52792989.0	48924107.0	16894.0	43814187	3722	8991151	2254	5390	43817909	8993405	0.488852516801253	2.0456067333832673	0.12157757002251264	0.0003453103395428352	0.0071280624659591325	0.010322257027684436
