result_id	action	simulated_ROI_seconds	host_elapsed_seconds_approx	comparison_baseline_id	speedup_vs_comparison_baseline	runtime_change_percent	speedup_vs_E03	speedup_vs_E05
E01	Historical pre-int8 control	3.1535	16362.29791378975	NA	NA	NA	0.37032757253844933	0.10910607261772633
E02	Historical in-place int8 attention	2.523009	16487.962579011917	E01	1.2498964530051222	-19.993372443316947	0.4628711193658049	0.1363712931662154
E03	SDOT B0 reference	1.167828	4212.228422641754	E02	2.1604285905116165	-53.71288806341952	1.0	0.2946204406813332
E04	NT01-NT05, output-first traversal	0.771601	3903.016716480255	E03	1.5135128129693975	-33.92854084676854	1.5135128129693975	0.4459118119338881
E05	E04 plus row-first traversal	0.344066	3727.3874871730804	E04	2.242595897298774	-55.408818806611194	3.3941976248742978	1.0
E06	L1 compressed-index cache tile	0.310451	3830.0106065273285	E05	1.1082779569078534	-9.769927862677507	3.7617144090371757	1.1082779569078534
E07	L1 decoded weight tile	0.214704	3289.452993631363	E06	1.4459488411953199	-30.84125997339354	5.439246590655042	1.6025132275132274
E08	L1/L2 compressed-index cache tiles	0.31561	3932.8307139873505	E06	0.9836538766198789	1.6617759324337955	3.7002249611862745	1.0901619086847691
E09	L1/L2 decoded weight tiles	0.198159	3316.726563692093	E07	1.083493558203261	-7.705957970042476	5.893388642453788	1.7363127589460987
