exp_id	37
built_at	2026-10-02T15:58:58Z
impl	codebook_int8
codebook_size	8
n_learners	4
sve_bits	128
sve_lanes	4
cores	1
overrides	-
model_dims	d_q=64 seq_len=512 d_model=256 num_heads=4 d_ff=1024
default_artifacts	0
idx_bits_byte_aligned	1
repo_commit	a8e727b02759
repo_commit_full	a8e727b027590a94082285ef725981302a6b08fc
commit_subject	fix(gemm): a padded index width must not inflate the codebook size
compile_flags	USE_FP32_TRANSFORMER_FLAG=0 FULL_INTERLEAVED_PIPELINE_FLAG=1 SIMD_FLAG=1 RELOAD_WEIGHT_FLAG=1 USE_NOTEBOOK_GENERATED_WEIGHTS_FLAG=1 USE_CODEBOOK_GEMM_FLAG=1 ENABLE_CODEBOOK_REFERENCE_FLAG=0 ENABLE_DEBUG_PRINT_FLAG=0 PROFILE_GEMM_ONLY_FLAG=1 GEM5_PROFILE_REGIONS_FLAG=1 DENSE_NO_SIMD_BASELINE_FLAG=0 I2CE_USE_LIBM5_FLAG=1
binary_sha256	4ffbae09cac7f3709af089ebd57eac62461bc61f9cf1c75b4c065d68916000ac
libm5_sha256	f201959e636d139fe544e3346685e728a225712384add5f04c3f29c45d4709b5
codebooks_def_sha256	99a89ef40fc36e97d0a88d3ab11a9e5aac9c100876beb9aba5d7851a17dd79d2
gem5_bin	/home/hlin/i2ce/gem5-tianrui/build/ARM/gem5.fast
gem5_cfg	/home/hlin/i2ce/gem5-tianrui/configs/example/arm/starter_fs.py
build_dir	/home/hlin/i2ce/exp/37/builds/20261002_175825_a8e727b0
collected_at	2026-10-03T04:54:44Z
outdir	/home/hlin/i2ce/exp/37/out_20261002_175859
gem5_args	/home/hlin/i2ce/gem5-tianrui/build/ARM/gem5.fast -d /home/hlin/i2ce/exp/37/out_20261002_175859 --stats-file=stats.txt --dump-config=config.ini configs/example/arm/starter_fs.py --cpu=minor --kernel=/home/hlin/i2ce/gem5_resources/binaries/vmlinux.tianrui --disk-image=/home/hlin/i2ce/gem5_resources/disks/arm64-ubuntu-20220727.img --restore=/home/hlin/i2ce/exp/_cpt/sve128/cpt.198408961500 --script=/home/hlin/i2ce/exp/37/builds/20261002_175825_a8e727b0/run.rcS --vio-9p=/home/hlin/i2ce/exp/37/builds/20261002_175825_a8e727b0 --num-cores=1 --cpu-freq=4GHz --mem-size=2GiB --mem-type=DDR3_1600_8x8 --mem-channels=1 --num-cores=1
