exp_id	study	model	d_q	d_seq	d_model	num_head	d_ff	implementation	n_learners	codebook_size	sve_bits	executable	gem5_timestamp	stats_file	row_index	row_kind	dump_index	checkpoint	interval	sim_seconds	instructions	ops	cpu_cycles	memory_references	load_instructions	store_instructions	dcache_demand_accesses	dcache_demand_misses	icache_demand_accesses	icache_demand_misses	l2_demand_accesses	l2_demand_misses	committed_branches	branch_mispredictions	ipc	cpi	dcache_demand_miss_rate	icache_demand_miss_rate	l2_demand_miss_rate	branch_misprediction_rate	btb_hit_ratio	runner_id	repo_commit	commit_subject	binary_sha256	compile_flags	overrides	cores	l1i	l1d	l2
E05	Runner	BERT-mini	64	512	256	4	1024	Codebook SIMD int8	4	8	128	transformer_BERT_mini_int8_noTiling_4D_CB_8_SVE_128.o	run_20260929_230704	/home/hlin/i2ce/exp/37/out_20260929_230704/stats.txt	1	interval_delta	1	after_qkv_h	MHA_QKV	0.990487	1689106994	1690119129	3961947492	40572685	35724156	4848529	43618851	7603266	198982620	63818	7052293	6378516	60332706	445297								37	f126e2b61266	test(profiling): split-MHA markers on the int8-in-place kernels	aa384d6b5e98022679bed79dfacbbb4af98d1c6f820acea1139755abb46aed04	USE_FP32_TRANSFORMER_FLAG=0 FULL_INTERLEAVED_PIPELINE_FLAG=1 SIMD_FLAG=1 RELOAD_WEIGHT_FLAG=1 USE_NOTEBOOK_GENERATED_WEIGHTS_FLAG=1 USE_CODEBOOK_GEMM_FLAG=1 ENABLE_CODEBOOK_REFERENCE_FLAG=0 ENABLE_DEBUG_PRINT_FLAG=0 PROFILE_GEMM_ONLY_FLAG=1 GEM5_PROFILE_REGIONS_FLAG=1 DENSE_NO_SIMD_BASELINE_FLAG=0 I2CE_USE_LIBM5_FLAG=1	-	1	48KiB	32KiB	1MiB
E05	Runner	BERT-mini	64	512	256	4	1024	Codebook SIMD int8	4	8	128	transformer_BERT_mini_int8_noTiling_4D_CB_8_SVE_128.o	run_20260929_230704	/home/hlin/i2ce/exp/37/out_20260929_230704/stats.txt	2	interval_delta	2	after_qk_h	MHA_QK	0.437405	509748620	512392387	1749619471	43175364	35940223	7235141	43156068	5673133	99788663	50239	5068859	4964290	21730045	1101666								37	f126e2b61266	test(profiling): split-MHA markers on the int8-in-place kernels	aa384d6b5e98022679bed79dfacbbb4af98d1c6f820acea1139755abb46aed04	USE_FP32_TRANSFORMER_FLAG=0 FULL_INTERLEAVED_PIPELINE_FLAG=1 SIMD_FLAG=1 RELOAD_WEIGHT_FLAG=1 USE_NOTEBOOK_GENERATED_WEIGHTS_FLAG=1 USE_CODEBOOK_GEMM_FLAG=1 ENABLE_CODEBOOK_REFERENCE_FLAG=0 ENABLE_DEBUG_PRINT_FLAG=0 PROFILE_GEMM_ONLY_FLAG=1 GEM5_PROFILE_REGIONS_FLAG=1 DENSE_NO_SIMD_BASELINE_FLAG=0 I2CE_USE_LIBM5_FLAG=1	-	1	48KiB	32KiB	1MiB
E05	Runner	BERT-mini	64	512	256	4	1024	Codebook SIMD int8	4	8	128	transformer_BERT_mini_int8_noTiling_4D_CB_8_SVE_128.o	run_20260929_230704	/home/hlin/i2ce/exp/37/out_20260929_230704/stats.txt	3	interval_delta	3	after_softmax_h	MHA_softmax	0.018183	26281354	30487624	72729980	11557372	8397307	3160065	11563865	66640	7388450	1553	68216	43107	2107624	5205								37	f126e2b61266	test(profiling): split-MHA markers on the int8-in-place kernels	aa384d6b5e98022679bed79dfacbbb4af98d1c6f820acea1139755abb46aed04	USE_FP32_TRANSFORMER_FLAG=0 FULL_INTERLEAVED_PIPELINE_FLAG=1 SIMD_FLAG=1 RELOAD_WEIGHT_FLAG=1 USE_NOTEBOOK_GENERATED_WEIGHTS_FLAG=1 USE_CODEBOOK_GEMM_FLAG=1 ENABLE_CODEBOOK_REFERENCE_FLAG=0 ENABLE_DEBUG_PRINT_FLAG=0 PROFILE_GEMM_ONLY_FLAG=1 GEM5_PROFILE_REGIONS_FLAG=1 DENSE_NO_SIMD_BASELINE_FLAG=0 I2CE_USE_LIBM5_FLAG=1	-	1	48KiB	32KiB	1MiB
E05	Runner	BERT-mini	64	512	256	4	1024	Codebook SIMD int8	4	8	128	transformer_BERT_mini_int8_noTiling_4D_CB_8_SVE_128.o	run_20260929_230704	/home/hlin/i2ce/exp/37/out_20260929_230704/stats.txt	4	interval_delta	4	after_sv_h	MHA_SV	0.155184	481447527	481728489	620740511	36803647	34886229	1917418	36803843	4778720	89074789	8252	4562775	120487	18671535	144906								37	f126e2b61266	test(profiling): split-MHA markers on the int8-in-place kernels	aa384d6b5e98022679bed79dfacbbb4af98d1c6f820acea1139755abb46aed04	USE_FP32_TRANSFORMER_FLAG=0 FULL_INTERLEAVED_PIPELINE_FLAG=1 SIMD_FLAG=1 RELOAD_WEIGHT_FLAG=1 USE_NOTEBOOK_GENERATED_WEIGHTS_FLAG=1 USE_CODEBOOK_GEMM_FLAG=1 ENABLE_CODEBOOK_REFERENCE_FLAG=0 ENABLE_DEBUG_PRINT_FLAG=0 PROFILE_GEMM_ONLY_FLAG=1 GEM5_PROFILE_REGIONS_FLAG=1 DENSE_NO_SIMD_BASELINE_FLAG=0 I2CE_USE_LIBM5_FLAG=1	-	1	48KiB	32KiB	1MiB
E05	Runner	BERT-mini	64	512	256	4	1024	Codebook SIMD int8	4	8	128	transformer_BERT_mini_int8_noTiling_4D_CB_8_SVE_128.o	run_20260929_230704	/home/hlin/i2ce/exp/37/out_20260929_230704/stats.txt	5	interval_delta	5	after_mha	MHA_out	0.000003	887	1077	10513	367	172	195	375	30	480	17	42	31	198	42								37	f126e2b61266	test(profiling): split-MHA markers on the int8-in-place kernels	aa384d6b5e98022679bed79dfacbbb4af98d1c6f820acea1139755abb46aed04	USE_FP32_TRANSFORMER_FLAG=0 FULL_INTERLEAVED_PIPELINE_FLAG=1 SIMD_FLAG=1 RELOAD_WEIGHT_FLAG=1 USE_NOTEBOOK_GENERATED_WEIGHTS_FLAG=1 USE_CODEBOOK_GEMM_FLAG=1 ENABLE_CODEBOOK_REFERENCE_FLAG=0 ENABLE_DEBUG_PRINT_FLAG=0 PROFILE_GEMM_ONLY_FLAG=1 GEM5_PROFILE_REGIONS_FLAG=1 DENSE_NO_SIMD_BASELINE_FLAG=0 I2CE_USE_LIBM5_FLAG=1	-	1	48KiB	32KiB	1MiB
E05	Runner	BERT-mini	64	512	256	4	1024	Codebook SIMD int8	4	8	128	transformer_BERT_mini_int8_noTiling_4D_CB_8_SVE_128.o	run_20260929_230704	/home/hlin/i2ce/exp/37/out_20260929_230704/stats.txt	6	interval_delta	6	after_projection	Projection	0.339333	560009389	560116283	1357330173	12418311	11358872	1059439	13436397	2502732	65176985	9883	2336822	2311931	19641255	138264								37	f126e2b61266	test(profiling): split-MHA markers on the int8-in-place kernels	aa384d6b5e98022679bed79dfacbbb4af98d1c6f820acea1139755abb46aed04	USE_FP32_TRANSFORMER_FLAG=0 FULL_INTERLEAVED_PIPELINE_FLAG=1 SIMD_FLAG=1 RELOAD_WEIGHT_FLAG=1 USE_NOTEBOOK_GENERATED_WEIGHTS_FLAG=1 USE_CODEBOOK_GEMM_FLAG=1 ENABLE_CODEBOOK_REFERENCE_FLAG=0 ENABLE_DEBUG_PRINT_FLAG=0 PROFILE_GEMM_ONLY_FLAG=1 GEM5_PROFILE_REGIONS_FLAG=1 DENSE_NO_SIMD_BASELINE_FLAG=0 I2CE_USE_LIBM5_FLAG=1	-	1	48KiB	32KiB	1MiB
E05	Runner	BERT-mini	64	512	256	4	1024	Codebook SIMD int8	4	8	128	transformer_BERT_mini_int8_noTiling_4D_CB_8_SVE_128.o	run_20260929_230704	/home/hlin/i2ce/exp/37/out_20260929_230704/stats.txt	7	interval_delta	7	after_attn_addnorm	non_GEMM_after_projection	0.003801	10414916	10942943	15207754	3947311	2627635	1319676	3947382	16777	2653195	771	17643	11472	926394	1990								37	f126e2b61266	test(profiling): split-MHA markers on the int8-in-place kernels	aa384d6b5e98022679bed79dfacbbb4af98d1c6f820acea1139755abb46aed04	USE_FP32_TRANSFORMER_FLAG=0 FULL_INTERLEAVED_PIPELINE_FLAG=1 SIMD_FLAG=1 RELOAD_WEIGHT_FLAG=1 USE_NOTEBOOK_GENERATED_WEIGHTS_FLAG=1 USE_CODEBOOK_GEMM_FLAG=1 ENABLE_CODEBOOK_REFERENCE_FLAG=0 ENABLE_DEBUG_PRINT_FLAG=0 PROFILE_GEMM_ONLY_FLAG=1 GEM5_PROFILE_REGIONS_FLAG=1 DENSE_NO_SIMD_BASELINE_FLAG=0 I2CE_USE_LIBM5_FLAG=1	-	1	48KiB	32KiB	1MiB
E05	Runner	BERT-mini	64	512	256	4	1024	Codebook SIMD int8	4	8	128	transformer_BERT_mini_int8_noTiling_4D_CB_8_SVE_128.o	run_20260929_230704	/home/hlin/i2ce/exp/37/out_20260929_230704/stats.txt	8	interval_delta	8	after_ff1	FF1	1.357687	2247467973	2249384462	5430748010	52268178	46674383	5593795	55791298	9929724	263678014	68974	9834541	9125109	79882701	588477								37	f126e2b61266	test(profiling): split-MHA markers on the int8-in-place kernels	aa384d6b5e98022679bed79dfacbbb4af98d1c6f820acea1139755abb46aed04	USE_FP32_TRANSFORMER_FLAG=0 FULL_INTERLEAVED_PIPELINE_FLAG=1 SIMD_FLAG=1 RELOAD_WEIGHT_FLAG=1 USE_NOTEBOOK_GENERATED_WEIGHTS_FLAG=1 USE_CODEBOOK_GEMM_FLAG=1 ENABLE_CODEBOOK_REFERENCE_FLAG=0 ENABLE_DEBUG_PRINT_FLAG=0 PROFILE_GEMM_ONLY_FLAG=1 GEM5_PROFILE_REGIONS_FLAG=1 DENSE_NO_SIMD_BASELINE_FLAG=0 I2CE_USE_LIBM5_FLAG=1	-	1	48KiB	32KiB	1MiB
E05	Runner	BERT-mini	64	512	256	4	1024	Codebook SIMD int8	4	8	128	transformer_BERT_mini_int8_noTiling_4D_CB_8_SVE_128.o	run_20260929_230704	/home/hlin/i2ce/exp/37/out_20260929_230704/stats.txt	9	interval_delta	9	after_ff2	FF2	1.314608	2214395668	2215904941	5258429224	48788452	45427679	3360773	52821140	9037829	254455372	73432	8800713	8676450	76397669	193536								37	f126e2b61266	test(profiling): split-MHA markers on the int8-in-place kernels	aa384d6b5e98022679bed79dfacbbb4af98d1c6f820acea1139755abb46aed04	USE_FP32_TRANSFORMER_FLAG=0 FULL_INTERLEAVED_PIPELINE_FLAG=1 SIMD_FLAG=1 RELOAD_WEIGHT_FLAG=1 USE_NOTEBOOK_GENERATED_WEIGHTS_FLAG=1 USE_CODEBOOK_GEMM_FLAG=1 ENABLE_CODEBOOK_REFERENCE_FLAG=0 ENABLE_DEBUG_PRINT_FLAG=0 PROFILE_GEMM_ONLY_FLAG=1 GEM5_PROFILE_REGIONS_FLAG=1 DENSE_NO_SIMD_BASELINE_FLAG=0 I2CE_USE_LIBM5_FLAG=1	-	1	48KiB	32KiB	1MiB
E05	Runner	BERT-mini	64	512	256	4	1024	Codebook SIMD int8	4	8	128	transformer_BERT_mini_int8_noTiling_4D_CB_8_SVE_128.o	run_20260929_230704	/home/hlin/i2ce/exp/37/out_20260929_230704/stats.txt	10	interval_delta	10	final_total	non_GEMM_after_ff2	0.006099	16506265	17035819	24395732	5686402	3742997	1943405	5686597	102693	4915473	1105	86748	22461	1505214	4395								37	f126e2b61266	test(profiling): split-MHA markers on the int8-in-place kernels	aa384d6b5e98022679bed79dfacbbb4af98d1c6f820acea1139755abb46aed04	USE_FP32_TRANSFORMER_FLAG=0 FULL_INTERLEAVED_PIPELINE_FLAG=1 SIMD_FLAG=1 RELOAD_WEIGHT_FLAG=1 USE_NOTEBOOK_GENERATED_WEIGHTS_FLAG=1 USE_CODEBOOK_GEMM_FLAG=1 ENABLE_CODEBOOK_REFERENCE_FLAG=0 ENABLE_DEBUG_PRINT_FLAG=0 PROFILE_GEMM_ONLY_FLAG=1 GEM5_PROFILE_REGIONS_FLAG=1 DENSE_NO_SIMD_BASELINE_FLAG=0 I2CE_USE_LIBM5_FLAG=1	-	1	48KiB	32KiB	1MiB
E05	Runner	BERT-mini	64	512	256	4	1024	Codebook SIMD int8	4	8	128	transformer_BERT_mini_int8_noTiling_4D_CB_8_SVE_128.o	run_20260929_230704	/home/hlin/i2ce/exp/37/out_20260929_230704/stats.txt	11	final_total	10	final_total	total_program	4.622790	7755379593	7768113154	18491158860	255218089	224779653	30438436	266825816	39711544	986114041	278044	37828652	31653854	281195341	2623778	0.419410	2.384301	0.148829467086	0.000281959275	0.836769282712	0.009330801821	0.797801	37	f126e2b61266	test(profiling): split-MHA markers on the int8-in-place kernels	aa384d6b5e98022679bed79dfacbbb4af98d1c6f820acea1139755abb46aed04	USE_FP32_TRANSFORMER_FLAG=0 FULL_INTERLEAVED_PIPELINE_FLAG=1 SIMD_FLAG=1 RELOAD_WEIGHT_FLAG=1 USE_NOTEBOOK_GENERATED_WEIGHTS_FLAG=1 USE_CODEBOOK_GEMM_FLAG=1 ENABLE_CODEBOOK_REFERENCE_FLAG=0 ENABLE_DEBUG_PRINT_FLAG=0 PROFILE_GEMM_ONLY_FLAG=1 GEM5_PROFILE_REGIONS_FLAG=1 DENSE_NO_SIMD_BASELINE_FLAG=0 I2CE_USE_LIBM5_FLAG=1	-	1	48KiB	32KiB	1MiB
