exp_id	study	implementation	n_learners	codebook_size	sve_bits	gem5_timestamp	stats_file	output_file	stats_blocks	rows_written	runner_id	repo_commit	commit_subject	binary_sha256	compile_flags	overrides	cores	l1i	l1d	l2
E01	Runner	Codebook SIMD int8	2	4	128	run_20260929_094955	/home/hlin/i2ce/exp/38/out_20260929_094955/stats.txt	/home/hlin/i2ce/I2CE_toolext/transformer_profiling/hsylin/e01_runner_n2_cb4_sve128_eb4a8e4f_run_20260929_094955.tsv	23	11	38	eb4a8e4fa591	test(profiling): split-MHA markers on the pre-int8 baseline	bb6a2ce2eae79f9c8ee58278f439e716aebd0b3a48fccfd1fd81f40e8216c7b3	USE_FP32_TRANSFORMER_FLAG=0 FULL_INTERLEAVED_PIPELINE_FLAG=1 SIMD_FLAG=1 RELOAD_WEIGHT_FLAG=1 USE_NOTEBOOK_GENERATED_WEIGHTS_FLAG=1 USE_CODEBOOK_GEMM_FLAG=1 ENABLE_CODEBOOK_REFERENCE_FLAG=0 ENABLE_DEBUG_PRINT_FLAG=0 PROFILE_GEMM_ONLY_FLAG=1 GEM5_PROFILE_REGIONS_FLAG=1 DENSE_NO_SIMD_BASELINE_FLAG=0 I2CE_USE_LIBM5_FLAG=1	-	1	48KiB	32KiB	1MiB
E02	Runner	Codebook SIMD int8	2	4	128	run_20260929_095047	/home/hlin/i2ce/exp/38/out_20260929_095047/stats.txt	/home/hlin/i2ce/I2CE_toolext/transformer_profiling/hsylin/e02_runner_n2_cb4_sve128_f126e2b6_run_20260929_095047.tsv	23	11	38	f126e2b61266	test(profiling): split-MHA markers on the int8-in-place kernels	524b3e75899ee8b13f2d272d92dedad1a966f84f3d9989e92e70d7090e9760df	USE_FP32_TRANSFORMER_FLAG=0 FULL_INTERLEAVED_PIPELINE_FLAG=1 SIMD_FLAG=1 RELOAD_WEIGHT_FLAG=1 USE_NOTEBOOK_GENERATED_WEIGHTS_FLAG=1 USE_CODEBOOK_GEMM_FLAG=1 ENABLE_CODEBOOK_REFERENCE_FLAG=0 ENABLE_DEBUG_PRINT_FLAG=0 PROFILE_GEMM_ONLY_FLAG=1 GEM5_PROFILE_REGIONS_FLAG=1 DENSE_NO_SIMD_BASELINE_FLAG=0 I2CE_USE_LIBM5_FLAG=1	-	1	48KiB	32KiB	1MiB
E03	Runner	Codebook SIMD int8	2	4	128	run_20260929_095137	/home/hlin/i2ce/exp/38/out_20260929_095137/stats.txt	/home/hlin/i2ce/I2CE_toolext/transformer_profiling/hsylin/e03_runner_n2_cb4_sve128_bd41e343_run_20260929_095137.tsv	23	11	38	bd41e343b5a0	feat(profiling): split the MHA region into its codebook and dense sub...	a1304966b8ce727e3c0a71d87852855ca6c0f6abf72bec3098f92c5ad349b611	USE_FP32_TRANSFORMER_FLAG=0 FULL_INTERLEAVED_PIPELINE_FLAG=1 SIMD_FLAG=1 RELOAD_WEIGHT_FLAG=1 USE_NOTEBOOK_GENERATED_WEIGHTS_FLAG=1 USE_CODEBOOK_GEMM_FLAG=1 ENABLE_CODEBOOK_REFERENCE_FLAG=0 ENABLE_DEBUG_PRINT_FLAG=0 PROFILE_GEMM_ONLY_FLAG=1 GEM5_PROFILE_REGIONS_FLAG=1 DENSE_NO_SIMD_BASELINE_FLAG=0 I2CE_USE_LIBM5_FLAG=1	-	1	48KiB	32KiB	1MiB
E04	Runner	Codebook SIMD int8	4	8	128	run_20260929_230622	/home/hlin/i2ce/exp/37/out_20260929_230622/stats.txt	/home/hlin/i2ce/I2CE_toolext/transformer_profiling/hsylin/e04_runner_n4_cb8_sve128_eb4a8e4f_run_20260929_230622.tsv	23	11	37	eb4a8e4fa591	test(profiling): split-MHA markers on the pre-int8 baseline	06a42a1079cea3a5bc861962d0f9caffda0163614fb6eda3eb9a25bf7c777be0	USE_FP32_TRANSFORMER_FLAG=0 FULL_INTERLEAVED_PIPELINE_FLAG=1 SIMD_FLAG=1 RELOAD_WEIGHT_FLAG=1 USE_NOTEBOOK_GENERATED_WEIGHTS_FLAG=1 USE_CODEBOOK_GEMM_FLAG=1 ENABLE_CODEBOOK_REFERENCE_FLAG=0 ENABLE_DEBUG_PRINT_FLAG=0 PROFILE_GEMM_ONLY_FLAG=1 GEM5_PROFILE_REGIONS_FLAG=1 DENSE_NO_SIMD_BASELINE_FLAG=0 I2CE_USE_LIBM5_FLAG=1	-	1	48KiB	32KiB	1MiB
E05	Runner	Codebook SIMD int8	4	8	128	run_20260929_230704	/home/hlin/i2ce/exp/37/out_20260929_230704/stats.txt	/home/hlin/i2ce/I2CE_toolext/transformer_profiling/hsylin/e05_runner_n4_cb8_sve128_f126e2b6_run_20260929_230704.tsv	23	11	37	f126e2b61266	test(profiling): split-MHA markers on the int8-in-place kernels	aa384d6b5e98022679bed79dfacbbb4af98d1c6f820acea1139755abb46aed04	USE_FP32_TRANSFORMER_FLAG=0 FULL_INTERLEAVED_PIPELINE_FLAG=1 SIMD_FLAG=1 RELOAD_WEIGHT_FLAG=1 USE_NOTEBOOK_GENERATED_WEIGHTS_FLAG=1 USE_CODEBOOK_GEMM_FLAG=1 ENABLE_CODEBOOK_REFERENCE_FLAG=0 ENABLE_DEBUG_PRINT_FLAG=0 PROFILE_GEMM_ONLY_FLAG=1 GEM5_PROFILE_REGIONS_FLAG=1 DENSE_NO_SIMD_BASELINE_FLAG=0 I2CE_USE_LIBM5_FLAG=1	-	1	48KiB	32KiB	1MiB
E06	Runner	Codebook SIMD int8	4	8	128	run_20260929_230746	/home/hlin/i2ce/exp/37/out_20260929_230746/stats.txt	/home/hlin/i2ce/I2CE_toolext/transformer_profiling/hsylin/e06_runner_n4_cb8_sve128_cf45945d_run_20260929_230746.tsv	23	11	37	cf45945d541a	Merge pull request #16 from hsylin/feat/split-mha-region	cc07c532c73b177ffcd57549fc74309e5d3fae4bd881031b2d5ad5df31e2156d	USE_FP32_TRANSFORMER_FLAG=0 FULL_INTERLEAVED_PIPELINE_FLAG=1 SIMD_FLAG=1 RELOAD_WEIGHT_FLAG=1 USE_NOTEBOOK_GENERATED_WEIGHTS_FLAG=1 USE_CODEBOOK_GEMM_FLAG=1 ENABLE_CODEBOOK_REFERENCE_FLAG=0 ENABLE_DEBUG_PRINT_FLAG=0 PROFILE_GEMM_ONLY_FLAG=1 GEM5_PROFILE_REGIONS_FLAG=1 DENSE_NO_SIMD_BASELINE_FLAG=0 I2CE_USE_LIBM5_FLAG=1	-	1	48KiB	32KiB	1MiB
E07	Runner	Codebook SIMD int8	2	4	128	run_20260930_231701	/home/hlin/i2ce/exp/38/out_20260930_231701/stats.txt	/home/hlin/i2ce/I2CE_toolext/transformer_profiling/hsylin/e07_runner_n2_cb4_sve128_03813b27_run_20260930_231701.tsv	23	11	38	03813b27c88c	perf(gemm): decode 2-bit codebook indexes into svdot lanes	29d85caeb5533017ad013f5872409a7d8ac600ddafaa17a135681171a3d9dc47	USE_FP32_TRANSFORMER_FLAG=0 FULL_INTERLEAVED_PIPELINE_FLAG=1 SIMD_FLAG=1 RELOAD_WEIGHT_FLAG=1 USE_NOTEBOOK_GENERATED_WEIGHTS_FLAG=1 USE_CODEBOOK_GEMM_FLAG=1 ENABLE_CODEBOOK_REFERENCE_FLAG=0 ENABLE_DEBUG_PRINT_FLAG=0 PROFILE_GEMM_ONLY_FLAG=1 GEM5_PROFILE_REGIONS_FLAG=1 DENSE_NO_SIMD_BASELINE_FLAG=0 I2CE_USE_LIBM5_FLAG=1	-	1	48KiB	32KiB	1MiB
E08	Runner	Codebook SIMD int8	2	4	128	run_20261001_152716	/home/hlin/i2ce/exp/38/out_20261001_152716/stats.txt	/home/hlin/i2ce/I2CE_toolext/transformer_profiling/hsylin/e08_runner_n2_cb4_sve128_1bfdddfe_run_20261001_152716.tsv	23	11	38	1bfdddfebd80	perf(gemm): svdot for four learners, and a byte-aligned index option	13b2f1cf81f9b617466c78ccc6db7509b31c11ee1378e0c499bd5bff0000bcf1	USE_FP32_TRANSFORMER_FLAG=0 FULL_INTERLEAVED_PIPELINE_FLAG=1 SIMD_FLAG=1 RELOAD_WEIGHT_FLAG=1 USE_NOTEBOOK_GENERATED_WEIGHTS_FLAG=1 USE_CODEBOOK_GEMM_FLAG=1 ENABLE_CODEBOOK_REFERENCE_FLAG=0 ENABLE_DEBUG_PRINT_FLAG=0 PROFILE_GEMM_ONLY_FLAG=1 GEM5_PROFILE_REGIONS_FLAG=1 DENSE_NO_SIMD_BASELINE_FLAG=0 I2CE_USE_LIBM5_FLAG=1	-	1	48KiB	32KiB	1MiB
E09	Runner	Codebook SIMD int8	4	8	128	run_20261001_153530	/home/hlin/i2ce/exp/37/out_20261001_153530/stats.txt	/home/hlin/i2ce/I2CE_toolext/transformer_profiling/hsylin/e09_runner_n4_cb8_sve128_0337bccb_run_20261001_153530.tsv	23	11	37	0337bccb6a2a	fix(exp): a notebook override that matches the default is not a missi...	1c172ebd4af0fd37370261cb3458f5be6e86f4c40ba89428dedee680e40400f2	USE_FP32_TRANSFORMER_FLAG=0 FULL_INTERLEAVED_PIPELINE_FLAG=1 SIMD_FLAG=1 RELOAD_WEIGHT_FLAG=1 USE_NOTEBOOK_GENERATED_WEIGHTS_FLAG=1 USE_CODEBOOK_GEMM_FLAG=1 ENABLE_CODEBOOK_REFERENCE_FLAG=0 ENABLE_DEBUG_PRINT_FLAG=0 PROFILE_GEMM_ONLY_FLAG=1 GEM5_PROFILE_REGIONS_FLAG=1 DENSE_NO_SIMD_BASELINE_FLAG=0 I2CE_USE_LIBM5_FLAG=1	-	1	48KiB	32KiB	1MiB
E10	Runner	Codebook SIMD int8	4	8	128	run_20261002_084047	/home/hlin/i2ce/exp/37/out_20261002_084047/stats.txt	/home/hlin/i2ce/I2CE_toolext/transformer_profiling/hsylin/e10_runner_n4_cb8_sve128_e8d68cce_run_20261002_084047.tsv	23	11	37	e8d68cce0194	fix(exp): refuse to submit when no cross compiler is reachable	3f09844beb391c1885aded1d481b9435cc74ee2cdee88f965f5c16d65efa0de9	USE_FP32_TRANSFORMER_FLAG=0 FULL_INTERLEAVED_PIPELINE_FLAG=1 SIMD_FLAG=1 RELOAD_WEIGHT_FLAG=1 USE_NOTEBOOK_GENERATED_WEIGHTS_FLAG=1 USE_CODEBOOK_GEMM_FLAG=1 ENABLE_CODEBOOK_REFERENCE_FLAG=0 ENABLE_DEBUG_PRINT_FLAG=0 PROFILE_GEMM_ONLY_FLAG=1 GEM5_PROFILE_REGIONS_FLAG=1 DENSE_NO_SIMD_BASELINE_FLAG=0 I2CE_USE_LIBM5_FLAG=1	-	1	48KiB	32KiB	1MiB
E11	Runner	Codebook SIMD int8	4	8	128	run_20261002_175859	/home/hlin/i2ce/exp/37/out_20261002_175859/stats.txt	/home/hlin/i2ce/I2CE_toolext/transformer_profiling/hsylin/e11_runner_n4_cb8_sve128_a8e727b0_run_20261002_175859.tsv	23	11	37	a8e727b02759	fix(gemm): a padded index width must not inflate the codebook size	4ffbae09cac7f3709af089ebd57eac62461bc61f9cf1c75b4c065d68916000ac	USE_FP32_TRANSFORMER_FLAG=0 FULL_INTERLEAVED_PIPELINE_FLAG=1 SIMD_FLAG=1 RELOAD_WEIGHT_FLAG=1 USE_NOTEBOOK_GENERATED_WEIGHTS_FLAG=1 USE_CODEBOOK_GEMM_FLAG=1 ENABLE_CODEBOOK_REFERENCE_FLAG=0 ENABLE_DEBUG_PRINT_FLAG=0 PROFILE_GEMM_ONLY_FLAG=1 GEM5_PROFILE_REGIONS_FLAG=1 DENSE_NO_SIMD_BASELINE_FLAG=0 I2CE_USE_LIBM5_FLAG=1	-	1	48KiB	32KiB	1MiB
